Workbook

Sheet Total
Q1: Total. 2025, Kia IR
B2: ]
B3: Retail Sales by Country_2025 | S3: (Units, %)
B4: Model / Plant | G4: Total | H4: Korea | I4: U.S.A | J4: Canada | K4: Mexico | L4: *Europe | M4: Eastern Europe | N4: Latin America | O4: Middle East | P4: Africa | Q4: Asia Pacific | R4: India | S4: China
E6: Morning / Picanto | G6: =Jan!G6+Feb!G6+Mar!G6+Apr!G6+May!G6+June!G6+July!G6+Aug!G6+Sep!G6+Oct!G6+Nov!G6+Dec!G6 -> 129251 | H6: =Jan!H6+Feb!H6+Mar!H6+Apr!H6+May!H6+June!H6+July!H6+Aug!H6+Sep!H6+Oct!H6+Nov!H6+Dec!H6 -> 16297 | I6: =Jan!I6+Feb!I6+Mar!I6+Apr!I6+May!I6+June!I6+July!I6+Aug!I6+Sep!I6+Oct!I6+Nov!I6+Dec!I6 -> 0 | J6: =Jan!J6+Feb!J6+Mar!J6+Apr!J6+May!J6+June!J6+July!J6+Aug!J6+Sep!J6+Oct!J6+Nov!J6+Dec!J6 -> 0 | K6: =Jan!K6+Feb!K6+Mar!K6+Apr!K6+May!K6+June!K6+July!K6+Aug!K6+Sep!K6+Oct!K6+Nov!K6+Dec!K6 -> 0 | L6: =Jan!L6+Feb!L6+Mar!L6+Apr!L6+May!L6+June!L6+July!L6+Aug!L6+Sep!L6+Oct!L6+Nov!L6+Dec!L6 -> 62504 | M6: =Jan!M6+Feb!M6+Mar!M6+Apr!M6+May!M6+June!M6+July!M6+Aug!M6+Sep!M6+Oct!M6+Nov!M6+Dec!M6 -> 1204 | N6: =Jan!N6+Feb!N6+Mar!N6+Apr!N6+May!N6+June!N6+July!N6+Aug!N6+Sep!N6+Oct!N6+Nov!N6+Dec!N6 -> 19073 | ... S6: =Jan!S6+Feb!S6+Mar!S6+Apr!S6+May!S6+June!S6+July!S6+Aug!S6+Sep!S6+Oct!S6+Nov!S6+Dec!S6 -> 0
E7: Pride / Rio | G7: =Jan!G7+Feb!G7+Mar!G7+Apr!G7+May!G7+June!G7+July!G7+Aug!G7+Sep!G7+Oct!G7+Nov!G7+Dec!G7 -> -4 | H7: =Jan!H7+Feb!H7+Mar!H7+Apr!H7+May!H7+June!H7+July!H7+Aug!H7+Sep!H7+Oct!H7+Nov!H7+Dec!H7 -> 0 | I7: =Jan!I7+Feb!I7+Mar!I7+Apr!I7+May!I7+June!I7+July!I7+Aug!I7+Sep!I7+Oct!I7+Nov!I7+Dec!I7 -> 0 | J7: =Jan!J7+Feb!J7+Mar!J7+Apr!J7+May!J7+June!J7+July!J7+Aug!J7+Sep!J7+Oct!J7+Nov!J7+Dec!J7 -> 0 | K7: =Jan!K7+Feb!K7+Mar!K7+Apr!K7+May!K7+June!K7+July!K7+Aug!K7+Sep!K7+Oct!K7+Nov!K7+Dec!K7 -> 0 | L7: =Jan!L7+Feb!L7+Mar!L7+Apr!L7+May!L7+June!L7+July!L7+Aug!L7+Sep!L7+Oct!L7+Nov!L7+Dec!L7 -> 0 | M7: =Jan!M7+Feb!M7+Mar!M7+Apr!M7+May!M7+June!M7+July!M7+Aug!M7+Sep!M7+Oct!M7+Nov!M7+Dec!M7 -> 0 | N7: =Jan!N7+Feb!N7+Mar!N7+Apr!N7+May!N7+June!N7+July!N7+Aug!N7+Sep!N7+Oct!N7+Nov!N7+Dec!N7 -> 0 | ... S7: =Jan!S7+Feb!S7+Mar!S7+Apr!S7+May!S7+June!S7+July!S7+Aug!S7+Sep!S7+Oct!S7+Nov!S7+Dec!S7 -> 0
E8: Ray | G8: =Jan!G8+Feb!G8+Mar!G8+Apr!G8+May!G8+June!G8+July!G8+Aug!G8+Sep!G8+Oct!G8+Nov!G8+Dec!G8 -> 39384 | H8: =Jan!H8+Feb!H8+Mar!H8+Apr!H8+May!H8+June!H8+July!H8+Aug!H8+Sep!H8+Oct!H8+Nov!H8+Dec!H8 -> 39384 | I8: =Jan!I8+Feb!I8+Mar!I8+Apr!I8+May!I8+June!I8+July!I8+Aug!I8+Sep!I8+Oct!I8+Nov!I8+Dec!I8 -> 0 | J8: =Jan!J8+Feb!J8+Mar!J8+Apr!J8+May!J8+June!J8+July!J8+Aug!J8+Sep!J8+Oct!J8+Nov!J8+Dec!J8 -> 0 | K8: =Jan!K8+Feb!K8+Mar!K8+Apr!K8+May!K8+June!K8+July!K8+Aug!K8+Sep!K8+Oct!K8+Nov!K8+Dec!K8 -> 0 | L8: =Jan!L8+Feb!L8+Mar!L8+Apr!L8+May!L8+June!L8+July!L8+Aug!L8+Sep!L8+Oct!L8+Nov!L8+Dec!L8 -> 0 | M8: =Jan!M8+Feb!M8+Mar!M8+Apr!M8+May!M8+June!M8+July!M8+Aug!M8+Sep!M8+Oct!M8+Nov!M8+Dec!M8 -> 0 | N8: =Jan!N8+Feb!N8+Mar!N8+Apr!N8+May!N8+June!N8+July!N8+Aug!N8+Sep!N8+Oct!N8+Nov!N8+Dec!N8 -> 0 | ... S8: =Jan!S8+Feb!S8+Mar!S8+Apr!S8+May!S8+June!S8+July!S8+Aug!S8+Sep!S8+Oct!S8+Nov!S8+Dec!S8 -> 0
E9: Ray EV | G9: =Jan!G9+Feb!G9+Mar!G9+Apr!G9+May!G9+June!G9+July!G9+Aug!G9+Sep!G9+Oct!G9+Nov!G9+Dec!G9 -> 9270 | H9: =Jan!H9+Feb!H9+Mar!H9+Apr!H9+May!H9+June!H9+July!H9+Aug!H9+Sep!H9+Oct!H9+Nov!H9+Dec!H9 -> 9270 | I9: =Jan!I9+Feb!I9+Mar!I9+Apr!I9+May!I9+June!I9+July!I9+Aug!I9+Sep!I9+Oct!I9+Nov!I9+Dec!I9 -> 0 | J9: =Jan!J9+Feb!J9+Mar!J9+Apr!J9+May!J9+June!J9+July!J9+Aug!J9+Sep!J9+Oct!J9+Nov!J9+Dec!J9 -> 0 | K9: =Jan!K9+Feb!K9+Mar!K9+Apr!K9+May!K9+June!K9+July!K9+Aug!K9+Sep!K9+Oct!K9+Nov!K9+Dec!K9 -> 0 | L9: =Jan!L9+Feb!L9+Mar!L9+Apr!L9+May!L9+June!L9+July!L9+Aug!L9+Sep!L9+Oct!L9+Nov!L9+Dec!L9 -> 0 | M9: =Jan!M9+Feb!M9+Mar!M9+Apr!M9+May!M9+June!M9+July!M9+Aug!M9+Sep!M9+Oct!M9+Nov!M9+Dec!M9 -> 0 | N9: =Jan!N9+Feb!N9+Mar!N9+Apr!N9+May!N9+June!N9+July!N9+Aug!N9+Sep!N9+Oct!N9+Nov!N9+Dec!N9 -> 0 | ... S9: =Jan!S9+Feb!S9+Mar!S9+Apr!S9+May!S9+June!S9+July!S9+Aug!S9+Sep!S9+Oct!S9+Nov!S9+Dec!S9 -> 0
E10: K3 | G10: =Jan!G10+Feb!G10+Mar!G10+Apr!G10+May!G10+June!G10+July!G10+Aug!G10+Sep!G10+Oct!G10+Nov!G10+Dec!G10 -> 2062 | H10: =Jan!H10+Feb!H10+Mar!H10+Apr!H10+May!H10+June!H10+July!H10+Aug!H10+Sep!H10+Oct!H10+Nov!H10+Dec!H10 -> 0 | I10: =Jan!I10+Feb!I10+Mar!I10+Apr!I10+May!I10+June!I10+July!I10+Aug!I10+Sep!I10+Oct!I10+Nov!I10+Dec!I10 -> 0 | J10: =Jan!J10+Feb!J10+Mar!J10+Apr!J10+May!J10+June!J10+July!J10+Aug!J10+Sep!J10+Oct!J10+Nov!J10+Dec!J10 -> 27 | K10: =Jan!K10+Feb!K10+Mar!K10+Apr!K10+May!K10+June!K10+July!K10+Aug!K10+Sep!K10+Oct!K10+Nov!K10+Dec!K10 -> 3 | L10: =Jan!L10+Feb!L10+Mar!L10+Apr!L10+May!L10+June!L10+July!L10+Aug!L10+Sep!L10+Oct!L10+Nov!L10+Dec!L10 -> 0 | M10: =Jan!M10+Feb!M10+Mar!M10+Apr!M10+May!M10+June!M10+July!M10+Aug!M10+Sep!M10+Oct!M10+Nov!M10+Dec!M10 -> 130 | N10: =Jan!N10+Feb!N10+Mar!N10+Apr!N10+May!N10+June!N10+July!N10+Aug!N10+Sep!N10+Oct!N10+Nov!N10+Dec!N10 -> 19 | ... S10: =Jan!S10+Feb!S10+Mar!S10+Apr!S10+May!S10+June!S10+July!S10+Aug!S10+Sep!S10+Oct!S10+Nov!S10+Dec!S10 -> 0
E11: K5 | G11: =Jan!G11+Feb!G11+Mar!G11+Apr!G11+May!G11+June!G11+July!G11+Aug!G11+Sep!G11+Oct!G11+Nov!G11+Dec!G11 -> 118845 | H11: =Jan!H11+Feb!H11+Mar!H11+Apr!H11+May!H11+June!H11+July!H11+Aug!H11+Sep!H11+Oct!H11+Nov!H11+Dec!H11 -> 36598 | I11: =Jan!I11+Feb!I11+Mar!I11+Apr!I11+May!I11+June!I11+July!I11+Aug!I11+Sep!I11+Oct!I11+Nov!I11+Dec!I11 -> 72748 | J11: =Jan!J11+Feb!J11+Mar!J11+Apr!J11+May!J11+June!J11+July!J11+Aug!J11+Sep!J11+Oct!J11+Nov!J11+Dec!J11 -> 0 | K11: =Jan!K11+Feb!K11+Mar!K11+Apr!K11+May!K11+June!K11+July!K11+Aug!K11+Sep!K11+Oct!K11+Nov!K11+Dec!K11 -> 0 | L11: =Jan!L11+Feb!L11+Mar!L11+Apr!L11+May!L11+June!L11+July!L11+Aug!L11+Sep!L11+Oct!L11+Nov!L11+Dec!L11 -> 23 | M11: =Jan!M11+Feb!M11+Mar!M11+Apr!M11+May!M11+June!M11+July!M11+Aug!M11+Sep!M11+Oct!M11+Nov!M11+Dec!M11 -> 63 | N11: =Jan!N11+Feb!N11+Mar!N11+Apr!N11+May!N11+June!N11+July!N11+Aug!N11+Sep!N11+Oct!N11+Nov!N11+Dec!N11 -> 147 | ... S11: =Jan!S11+Feb!S11+Mar!S11+Apr!S11+May!S11+June!S11+July!S11+Aug!S11+Sep!S11+Oct!S11+Nov!S11+Dec!S11 -> 0
E12: Stinger | G12: =Jan!G12+Feb!G12+Mar!G12+Apr!G12+May!G12+June!G12+July!G12+Aug!G12+Sep!G12+Oct!G12+Nov!G12+Dec!G12 -> 3 | H12: =Jan!H12+Feb!H12+Mar!H12+Apr!H12+May!H12+June!H12+July!H12+Aug!H12+Sep!H12+Oct!H12+Nov!H12+Dec!H12 -> 0 | I12: =Jan!I12+Feb!I12+Mar!I12+Apr!I12+May!I12+June!I12+July!I12+Aug!I12+Sep!I12+Oct!I12+Nov!I12+Dec!I12 -> 0 | J12: =Jan!J12+Feb!J12+Mar!J12+Apr!J12+May!J12+June!J12+July!J12+Aug!J12+Sep!J12+Oct!J12+Nov!J12+Dec!J12 -> 0 | K12: =Jan!K12+Feb!K12+Mar!K12+Apr!K12+May!K12+June!K12+July!K12+Aug!K12+Sep!K12+Oct!K12+Nov!K12+Dec!K12 -> 0 | L12: =Jan!L12+Feb!L12+Mar!L12+Apr!L12+May!L12+June!L12+July!L12+Aug!L12+Sep!L12+Oct!L12+Nov!L12+Dec!L12 -> 1 | M12: =Jan!M12+Feb!M12+Mar!M12+Apr!M12+May!M12+June!M12+July!M12+Aug!M12+Sep!M12+Oct!M12+Nov!M12+Dec!M12 -> 0 | N12: =Jan!N12+Feb!N12+Mar!N12+Apr!N12+May!N12+June!N12+July!N12+Aug!N12+Sep!N12+Oct!N12+Nov!N12+Dec!N12 -> 0 | ... S12: =Jan!S12+Feb!S12+Mar!S12+Apr!S12+May!S12+June!S12+July!S12+Aug!S12+Sep!S12+Oct!S12+Nov!S12+Dec!S12 -> 0
E13: K8 | G13: =Jan!G13+Feb!G13+Mar!G13+Apr!G13+May!G13+June!G13+July!G13+Aug!G13+Sep!G13+Oct!G13+Nov!G13+Dec!G13 -> 29141 | H13: =Jan!H13+Feb!H13+Mar!H13+Apr!H13+May!H13+June!H13+July!H13+Aug!H13+Sep!H13+Oct!H13+Nov!H13+Dec!H13 -> 28154 | I13: =Jan!I13+Feb!I13+Mar!I13+Apr!I13+May!I13+June!I13+July!I13+Aug!I13+Sep!I13+Oct!I13+Nov!I13+Dec!I13 -> 0 | J13: =Jan!J13+Feb!J13+Mar!J13+Apr!J13+May!J13+June!J13+July!J13+Aug!J13+Sep!J13+Oct!J13+Nov!J13+Dec!J13 -> 0 | K13: =Jan!K13+Feb!K13+Mar!K13+Apr!K13+May!K13+June!K13+July!K13+Aug!K13+Sep!K13+Oct!K13+Nov!K13+Dec!K13 -> 0 | L13: =Jan!L13+Feb!L13+Mar!L13+Apr!L13+May!L13+June!L13+July!L13+Aug!L13+Sep!L13+Oct!L13+Nov!L13+Dec!L13 -> 0 | M13: =Jan!M13+Feb!M13+Mar!M13+Apr!M13+May!M13+June!M13+July!M13+Aug!M13+Sep!M13+Oct!M13+Nov!M13+Dec!M13 -> 186 | N13: =Jan!N13+Feb!N13+Mar!N13+Apr!N13+May!N13+June!N13+July!N13+Aug!N13+Sep!N13+Oct!N13+Nov!N13+Dec!N13 -> 0 | ... S13: =Jan!S13+Feb!S13+Mar!S13+Apr!S13+May!S13+June!S13+July!S13+Aug!S13+Sep!S13+Oct!S13+Nov!S13+Dec!S13 -> 0
E14: K9 | G14: =Jan!G14+Feb!G14+Mar!G14+Apr!G14+May!G14+June!G14+July!G14+Aug!G14+Sep!G14+Oct!G14+Nov!G14+Dec!G14 -> 1621 | H14: =Jan!H14+Feb!H14+Mar!H14+Apr!H14+May!H14+June!H14+July!H14+Aug!H14+Sep!H14+Oct!H14+Nov!H14+Dec!H14 -> 1581 | I14: =Jan!I14+Feb!I14+Mar!I14+Apr!I14+May!I14+June!I14+July!I14+Aug!I14+Sep!I14+Oct!I14+Nov!I14+Dec!I14 -> 0 | J14: =Jan!J14+Feb!J14+Mar!J14+Apr!J14+May!J14+June!J14+July!J14+Aug!J14+Sep!J14+Oct!J14+Nov!J14+Dec!J14 -> 0 | K14: =Jan!K14+Feb!K14+Mar!K14+Apr!K14+May!K14+June!K14+July!K14+Aug!K14+Sep!K14+Oct!K14+Nov!K14+Dec!K14 -> 0 | L14: =Jan!L14+Feb!L14+Mar!L14+Apr!L14+May!L14+June!L14+July!L14+Aug!L14+Sep!L14+Oct!L14+Nov!L14+Dec!L14 -> 0 | M14: =Jan!M14+Feb!M14+Mar!M14+Apr!M14+May!M14+June!M14+July!M14+Aug!M14+Sep!M14+Oct!M14+Nov!M14+Dec!M14 -> 39 | N14: =Jan!N14+Feb!N14+Mar!N14+Apr!N14+May!N14+June!N14+July!N14+Aug!N14+Sep!N14+Oct!N14+Nov!N14+Dec!N14 -> 0 | ... S14: =Jan!S14+Feb!S14+Mar!S14+Apr!S14+May!S14+June!S14+July!S14+Aug!S14+Sep!S14+Oct!S14+Nov!S14+Dec!S14 -> 0
E15: Stonic | G15: =Jan!G15+Feb!G15+Mar!G15+Apr!G15+May!G15+June!G15+July!G15+Aug!G15+Sep!G15+Oct!G15+Nov!G15+Dec!G15 -> 74394 | H15: =Jan!H15+Feb!H15+Mar!H15+Apr!H15+May!H15+June!H15+July!H15+Aug!H15+Sep!H15+Oct!H15+Nov!H15+Dec!H15 -> 0 | I15: =Jan!I15+Feb!I15+Mar!I15+Apr!I15+May!I15+June!I15+July!I15+Aug!I15+Sep!I15+Oct!I15+Nov!I15+Dec!I15 -> 0 | J15: =Jan!J15+Feb!J15+Mar!J15+Apr!J15+May!J15+June!J15+July!J15+Aug!J15+Sep!J15+Oct!J15+Nov!J15+Dec!J15 -> 0 | K15: =Jan!K15+Feb!K15+Mar!K15+Apr!K15+May!K15+June!K15+July!K15+Aug!K15+Sep!K15+Oct!K15+Nov!K15+Dec!K15 -> 0 | L15: =Jan!L15+Feb!L15+Mar!L15+Apr!L15+May!L15+June!L15+July!L15+Aug!L15+Sep!L15+Oct!L15+Nov!L15+Dec!L15 -> 53288 | M15: =Jan!M15+Feb!M15+Mar!M15+Apr!M15+May!M15+June!M15+July!M15+Aug!M15+Sep!M15+Oct!M15+Nov!M15+Dec!M15 -> 3481 | N15: =Jan!N15+Feb!N15+Mar!N15+Apr!N15+May!N15+June!N15+July!N15+Aug!N15+Sep!N15+Oct!N15+Nov!N15+Dec!N15 -> 2290 | ... S15: =Jan!S15+Feb!S15+Mar!S15+Apr!S15+May!S15+June!S15+July!S15+Aug!S15+Sep!S15+Oct!S15+Nov!S15+Dec!S15 -> 0
E16: Seltos | G16: =Jan!G16+Feb!G16+Mar!G16+Apr!G16+May!G16+June!G16+July!G16+Aug!G16+Sep!G16+Oct!G16+Nov!G16+Dec!G16 -> 156797 | H16: =Jan!H16+Feb!H16+Mar!H16+Apr!H16+May!H16+June!H16+July!H16+Aug!H16+Sep!H16+Oct!H16+Nov!H16+Dec!H16 -> 55917 | I16: =Jan!I16+Feb!I16+Mar!I16+Apr!I16+May!I16+June!I16+July!I16+Aug!I16+Sep!I16+Oct!I16+Nov!I16+Dec!I16 -> 56798 | J16: =Jan!J16+Feb!J16+Mar!J16+Apr!J16+May!J16+June!J16+July!J16+Aug!J16+Sep!J16+Oct!J16+Nov!J16+Dec!J16 -> 21276 | K16: =Jan!K16+Feb!K16+Mar!K16+Apr!K16+May!K16+June!K16+July!K16+Aug!K16+Sep!K16+Oct!K16+Nov!K16+Dec!K16 -> 0 | L16: =Jan!L16+Feb!L16+Mar!L16+Apr!L16+May!L16+June!L16+July!L16+Aug!L16+Sep!L16+Oct!L16+Nov!L16+Dec!L16 -> 0 | M16: =Jan!M16+Feb!M16+Mar!M16+Apr!M16+May!M16+June!M16+July!M16+Aug!M16+Sep!M16+Oct!M16+Nov!M16+Dec!M16 -> 1620 | N16: =Jan!N16+Feb!N16+Mar!N16+Apr!N16+May!N16+June!N16+July!N16+Aug!N16+Sep!N16+Oct!N16+Nov!N16+Dec!N16 -> 6044 | ... S16: =Jan!S16+Feb!S16+Mar!S16+Apr!S16+May!S16+June!S16+July!S16+Aug!S16+Sep!S16+Oct!S16+Nov!S16+Dec!S16 -> 0
E17: Soul | G17: =Jan!G17+Feb!G17+Mar!G17+Apr!G17+May!G17+June!G17+July!G17+Aug!G17+Sep!G17+Oct!G17+Nov!G17+Dec!G17 -> 54183 | H17: =Jan!H17+Feb!H17+Mar!H17+Apr!H17+May!H17+June!H17+July!H17+Aug!H17+Sep!H17+Oct!H17+Nov!H17+Dec!H17 -> 0 | I17: =Jan!I17+Feb!I17+Mar!I17+Apr!I17+May!I17+June!I17+July!I17+Aug!I17+Sep!I17+Oct!I17+Nov!I17+Dec!I17 -> 50133 | J17: =Jan!J17+Feb!J17+Mar!J17+Apr!J17+May!J17+June!J17+July!J17+Aug!J17+Sep!J17+Oct!J17+Nov!J17+Dec!J17 -> 704 | K17: =Jan!K17+Feb!K17+Mar!K17+Apr!K17+May!K17+June!K17+July!K17+Aug!K17+Sep!K17+Oct!K17+Nov!K17+Dec!K17 -> 28 | L17: =Jan!L17+Feb!L17+Mar!L17+Apr!L17+May!L17+June!L17+July!L17+Aug!L17+Sep!L17+Oct!L17+Nov!L17+Dec!L17 -> 0 | M17: =Jan!M17+Feb!M17+Mar!M17+Apr!M17+May!M17+June!M17+July!M17+Aug!M17+Sep!M17+Oct!M17+Nov!M17+Dec!M17 -> 367 | N17: =Jan!N17+Feb!N17+Mar!N17+Apr!N17+May!N17+June!N17+July!N17+Aug!N17+Sep!N17+Oct!N17+Nov!N17+Dec!N17 -> 2886 | ... S17: =Jan!S17+Feb!S17+Mar!S17+Apr!S17+May!S17+June!S17+July!S17+Aug!S17+Sep!S17+Oct!S17+Nov!S17+Dec!S17 -> 0
... E36: PV5 | G36: =Jan!G36+Feb!G36+Mar!G36+Apr!G36+May!G36+June!G36+July!G36+Aug!G36+Sep!G36+Oct!G36+Nov!G36+Dec!G36 -> 5272 | H36: =Jan!H36+Feb!H36+Mar!H36+Apr!H36+May!H36+June!H36+July!H36+Aug!H36+Sep!H36+Oct!H36+Nov!H36+Dec!H36 -> 3836 | I36: =Jan!I36+Feb!I36+Mar!I36+Apr!I36+May!I36+June!I36+July!I36+Aug!I36+Sep!I36+Oct!I36+Nov!I36+Dec!I36 -> 0 | J36: =Jan!J36+Feb!J36+Mar!J36+Apr!J36+May!J36+June!J36+July!J36+Aug!J36+Sep!J36+Oct!J36+Nov!J36+Dec!J36 -> 0 | K36: =Jan!K36+Feb!K36+Mar!K36+Apr!K36+May!K36+June!K36+July!K36+Aug!K36+Sep!K36+Oct!K36+Nov!K36+Dec!K36 -> 0 | L36: =Jan!L36+Feb!L36+Mar!L36+Apr!L36+May!L36+June!L36+July!L36+Aug!L36+Sep!L36+Oct!L36+Nov!L36+Dec!L36 -> 1430 | M36: =Jan!M36+Feb!M36+Mar!M36+Apr!M36+May!M36+June!M36+July!M36+Aug!M36+Sep!M36+Oct!M36+Nov!M36+Dec!M36 -> 0 | N36: =Jan!N36+Feb!N36+Mar!N36+Apr!N36+May!N36+June!N36+July!N36+Aug!N36+Sep!N36+Oct!N36+Nov!N36+Dec!N36 -> 0 | ... S36: =Jan!S36+Feb!S36+Mar!S36+Apr!S36+May!S36+June!S36+July!S36+Aug!S36+Sep!S36+Oct!S36+Nov!S36+Dec!S36 -> 0
B37: Korea Plants | G37: =Jan!G37+Feb!G37+Mar!G37+Apr!G37+May!G37+June!G37+July!G37+Aug!G37+Sep!G37+Oct!G37+Nov!G37+Dec!G37 -> 1550658 | H37: =Jan!H37+Feb!H37+Mar!H37+Apr!H37+May!H37+June!H37+July!H37+Aug!H37+Sep!H37+Oct!H37+Nov!H37+Dec!H37 -> 545776 | I37: =Jan!I37+Feb!I37+Mar!I37+Apr!I37+May!I37+June!I37+July!I37+Aug!I37+Sep!I37+Oct!I37+Nov!I37+Dec!I37 -> 380863 | J37: =Jan!J37+Feb!J37+Mar!J37+Apr!J37+May!J37+June!J37+July!J37+Aug!J37+Sep!J37+Oct!J37+Nov!J37+Dec!J37 -> 70513 | K37: =Jan!K37+Feb!K37+Mar!K37+Apr!K37+May!K37+June!K37+July!K37+Aug!K37+Sep!K37+Oct!K37+Nov!K37+Dec!K37 -> 8154 | L37: =Jan!L37+Feb!L37+Mar!L37+Apr!L37+May!L37+June!L37+July!L37+Aug!L37+Sep!L37+Oct!L37+Nov!L37+Dec!L37 -> 268687 | M37: =Jan!M37+Feb!M37+Mar!M37+Apr!M37+May!M37+June!M37+July!M37+Aug!M37+Sep!M37+Oct!M37+Nov!M37+Dec!M37 -> 25334 | N37: =Jan!N37+Feb!N37+Mar!N37+Apr!N37+May!N37+June!N37+July!N37+Aug!N37+Sep!N37+Oct!N37+Nov!N37+Dec!N37 -> 59090 | ... S37: =Jan!S37+Feb!S37+Mar!S37+Apr!S37+May!S37+June!S37+July!S37+Aug!S37+Sep!S37+Oct!S37+Nov!S37+Dec!S37 -> 23
E38: Optima / K5 | G38: =Jan!G38+Feb!G38+Mar!G38+Apr!G38+May!G38+June!G38+July!G38+Aug!G38+Sep!G38+Oct!G38+Nov!G38+Dec!G38 -> 4 | H38: =Jan!H38+Feb!H38+Mar!H38+Apr!H38+May!H38+June!H38+July!H38+Aug!H38+Sep!H38+Oct!H38+Nov!H38+Dec!H38 -> 0 | I38: =Jan!I38+Feb!I38+Mar!I38+Apr!I38+May!I38+June!I38+July!I38+Aug!I38+Sep!I38+Oct!I38+Nov!I38+Dec!I38 -> 3 | J38: =Jan!J38+Feb!J38+Mar!J38+Apr!J38+May!J38+June!J38+July!J38+Aug!J38+Sep!J38+Oct!J38+Nov!J38+Dec!J38 -> 1 | K38: =Jan!K38+Feb!K38+Mar!K38+Apr!K38+May!K38+June!K38+July!K38+Aug!K38+Sep!K38+Oct!K38+Nov!K38+Dec!K38 -> 0 | L38: =Jan!L38+Feb!L38+Mar!L38+Apr!L38+May!L38+June!L38+July!L38+Aug!L38+Sep!L38+Oct!L38+Nov!L38+Dec!L38 -> 0 | M38: =Jan!M38+Feb!M38+Mar!M38+Apr!M38+May!M38+June!M38+July!M38+Aug!M38+Sep!M38+Oct!M38+Nov!M38+Dec!M38 -> 0 | N38: =Jan!N38+Feb!N38+Mar!N38+Apr!N38+May!N38+June!N38+July!N38+Aug!N38+Sep!N38+Oct!N38+Nov!N38+Dec!N38 -> 0 | ... S38: =Jan!S38+Feb!S38+Mar!S38+Apr!S38+May!S38+June!S38+July!S38+Aug!S38+Sep!S38+Oct!S38+Nov!S38+Dec!S38 -> 0
E39: Sportage | G39: =Jan!G39+Feb!G39+Mar!G39+Apr!G39+May!G39+June!G39+July!G39+Aug!G39+Sep!G39+Oct!G39+Nov!G39+Dec!G39 -> 112310 | H39: =Jan!H39+Feb!H39+Mar!H39+Apr!H39+May!H39+June!H39+July!H39+Aug!H39+Sep!H39+Oct!H39+Nov!H39+Dec!H39 -> 0 | I39: =Jan!I39+Feb!I39+Mar!I39+Apr!I39+May!I39+June!I39+July!I39+Aug!I39+Sep!I39+Oct!I39+Nov!I39+Dec!I39 -> 111311 | J39: =Jan!J39+Feb!J39+Mar!J39+Apr!J39+May!J39+June!J39+July!J39+Aug!J39+Sep!J39+Oct!J39+Nov!J39+Dec!J39 -> 0 | K39: =Jan!K39+Feb!K39+Mar!K39+Apr!K39+May!K39+June!K39+July!K39+Aug!K39+Sep!K39+Oct!K39+Nov!K39+Dec!K39 -> 0 | L39: =Jan!L39+Feb!L39+Mar!L39+Apr!L39+May!L39+June!L39+July!L39+Aug!L39+Sep!L39+Oct!L39+Nov!L39+Dec!L39 -> 0 | M39: =Jan!M39+Feb!M39+Mar!M39+Apr!M39+May!M39+June!M39+July!M39+Aug!M39+Sep!M39+Oct!M39+Nov!M39+Dec!M39 -> 0 | N39: =Jan!N39+Feb!N39+Mar!N39+Apr!N39+May!N39+June!N39+July!N39+Aug!N39+Sep!N39+Oct!N39+Nov!N39+Dec!N39 -> 999 | ... S39: =Jan!S39+Feb!S39+Mar!S39+Apr!S39+May!S39+June!S39+July!S39+Aug!S39+Sep!S39+Oct!S39+Nov!S39+Dec!S39 -> 0
E40: Sorento | G40: =Jan!G40+Feb!G40+Mar!G40+Apr!G40+May!G40+June!G40+July!G40+Aug!G40+Sep!G40+Oct!G40+Nov!G40+Dec!G40 -> 83802 | H40: =Jan!H40+Feb!H40+Mar!H40+Apr!H40+May!H40+June!H40+July!H40+Aug!H40+Sep!H40+Oct!H40+Nov!H40+Dec!H40 -> 0 | I40: =Jan!I40+Feb!I40+Mar!I40+Apr!I40+May!I40+June!I40+July!I40+Aug!I40+Sep!I40+Oct!I40+Nov!I40+Dec!I40 -> 74284 | J40: =Jan!J40+Feb!J40+Mar!J40+Apr!J40+May!J40+June!J40+July!J40+Aug!J40+Sep!J40+Oct!J40+Nov!J40+Dec!J40 -> 7114 | K40: =Jan!K40+Feb!K40+Mar!K40+Apr!K40+May!K40+June!K40+July!K40+Aug!K40+Sep!K40+Oct!K40+Nov!K40+Dec!K40 -> 1731 | L40: =Jan!L40+Feb!L40+Mar!L40+Apr!L40+May!L40+June!L40+July!L40+Aug!L40+Sep!L40+Oct!L40+Nov!L40+Dec!L40 -> 0 | M40: =Jan!M40+Feb!M40+Mar!M40+Apr!M40+May!M40+June!M40+July!M40+Aug!M40+Sep!M40+Oct!M40+Nov!M40+Dec!M40 -> 0 | N40: =Jan!N40+Feb!N40+Mar!N40+Apr!N40+May!N40+June!N40+July!N40+Aug!N40+Sep!N40+Oct!N40+Nov!N40+Dec!N40 -> 662 | ... S40: =Jan!S40+Feb!S40+Mar!S40+Apr!S40+May!S40+June!S40+July!S40+Aug!S40+Sep!S40+Oct!S40+Nov!S40+Dec!S40 -> 0
E41: Telluride | G41: =Jan!G41+Feb!G41+Mar!G41+Apr!G41+May!G41+June!G41+July!G41+Aug!G41+Sep!G41+Oct!G41+Nov!G41+Dec!G41 -> 126784 | H41: =Jan!H41+Feb!H41+Mar!H41+Apr!H41+May!H41+June!H41+July!H41+Aug!H41+Sep!H41+Oct!H41+Nov!H41+Dec!H41 -> 0 | I41: =Jan!I41+Feb!I41+Mar!I41+Apr!I41+May!I41+June!I41+July!I41+Aug!I41+Sep!I41+Oct!I41+Nov!I41+Dec!I41 -> 123281 | J41: =Jan!J41+Feb!J41+Mar!J41+Apr!J41+May!J41+June!J41+July!J41+Aug!J41+Sep!J41+Oct!J41+Nov!J41+Dec!J41 -> 2170 | K41: =Jan!K41+Feb!K41+Mar!K41+Apr!K41+May!K41+June!K41+July!K41+Aug!K41+Sep!K41+Oct!K41+Nov!K41+Dec!K41 -> 371 | L41: =Jan!L41+Feb!L41+Mar!L41+Apr!L41+May!L41+June!L41+July!L41+Aug!L41+Sep!L41+Oct!L41+Nov!L41+Dec!L41 -> 0 | M41: =Jan!M41+Feb!M41+Mar!M41+Apr!M41+May!M41+June!M41+July!M41+Aug!M41+Sep!M41+Oct!M41+Nov!M41+Dec!M41 -> 0 | N41: =Jan!N41+Feb!N41+Mar!N41+Apr!N41+May!N41+June!N41+July!N41+Aug!N41+Sep!N41+Oct!N41+Nov!N41+Dec!N41 -> 196 | ... S41: =Jan!S41+Feb!S41+Mar!S41+Apr!S41+May!S41+June!S41+July!S41+Aug!S41+Sep!S41+Oct!S41+Nov!S41+Dec!S41 -> 0
E42: EV6 | G42: =Jan!G42+Feb!G42+Mar!G42+Apr!G42+May!G42+June!G42+July!G42+Aug!G42+Sep!G42+Oct!G42+Nov!G42+Dec!G42 -> 9460 | H42: =Jan!H42+Feb!H42+Mar!H42+Apr!H42+May!H42+June!H42+July!H42+Aug!H42+Sep!H42+Oct!H42+Nov!H42+Dec!H42 -> 0 | I42: =Jan!I42+Feb!I42+Mar!I42+Apr!I42+May!I42+June!I42+July!I42+Aug!I42+Sep!I42+Oct!I42+Nov!I42+Dec!I42 -> 8651 | J42: =Jan!J42+Feb!J42+Mar!J42+Apr!J42+May!J42+June!J42+July!J42+Aug!J42+Sep!J42+Oct!J42+Nov!J42+Dec!J42 -> 809 | K42: =Jan!K42+Feb!K42+Mar!K42+Apr!K42+May!K42+June!K42+July!K42+Aug!K42+Sep!K42+Oct!K42+Nov!K42+Dec!K42 -> 0 | L42: =Jan!L42+Feb!L42+Mar!L42+Apr!L42+May!L42+June!L42+July!L42+Aug!L42+Sep!L42+Oct!L42+Nov!L42+Dec!L42 -> 0 | M42: =Jan!M42+Feb!M42+Mar!M42+Apr!M42+May!M42+June!M42+July!M42+Aug!M42+Sep!M42+Oct!M42+Nov!M42+Dec!M42 -> 0 | N42: =Jan!N42+Feb!N42+Mar!N42+Apr!N42+May!N42+June!N42+July!N42+Aug!N42+Sep!N42+Oct!N42+Nov!N42+Dec!N42 -> 0 | ... S42: =Jan!S42+Feb!S42+Mar!S42+Apr!S42+May!S42+June!S42+July!S42+Aug!S42+Sep!S42+Oct!S42+Nov!S42+Dec!S42 -> 0
E43: EV9 | G43: =Jan!G43+Feb!G43+Mar!G43+Apr!G43+May!G43+June!G43+July!G43+Aug!G43+Sep!G43+Oct!G43+Nov!G43+Dec!G43 -> 13263 | H43: =Jan!H43+Feb!H43+Mar!H43+Apr!H43+May!H43+June!H43+July!H43+Aug!H43+Sep!H43+Oct!H43+Nov!H43+Dec!H43 -> 0 | I43: =Jan!I43+Feb!I43+Mar!I43+Apr!I43+May!I43+June!I43+July!I43+Aug!I43+Sep!I43+Oct!I43+Nov!I43+Dec!I43 -> 13248 | J43: =Jan!J43+Feb!J43+Mar!J43+Apr!J43+May!J43+June!J43+July!J43+Aug!J43+Sep!J43+Oct!J43+Nov!J43+Dec!J43 -> 0 | K43: =Jan!K43+Feb!K43+Mar!K43+Apr!K43+May!K43+June!K43+July!K43+Aug!K43+Sep!K43+Oct!K43+Nov!K43+Dec!K43 -> 0 | L43: =Jan!L43+Feb!L43+Mar!L43+Apr!L43+May!L43+June!L43+July!L43+Aug!L43+Sep!L43+Oct!L43+Nov!L43+Dec!L43 -> 0 | M43: =Jan!M43+Feb!M43+Mar!M43+Apr!M43+May!M43+June!M43+July!M43+Aug!M43+Sep!M43+Oct!M43+Nov!M43+Dec!M43 -> 0 | N43: =Jan!N43+Feb!N43+Mar!N43+Apr!N43+May!N43+June!N43+July!N43+Aug!N43+Sep!N43+Oct!N43+Nov!N43+Dec!N43 -> 14 | ... S43: =Jan!S43+Feb!S43+Mar!S43+Apr!S43+May!S43+June!S43+July!S43+Aug!S43+Sep!S43+Oct!S43+Nov!S43+Dec!S43 -> 0
B44: U.S. Plant | G44: =Jan!G44+Feb!G44+Mar!G44+Apr!G44+May!G44+June!G44+July!G44+Aug!G44+Sep!G44+Oct!G44+Nov!G44+Dec!G44 -> 345623 | H44: =Jan!H44+Feb!H44+Mar!H44+Apr!H44+May!H44+June!H44+July!H44+Aug!H44+Sep!H44+Oct!H44+Nov!H44+Dec!H44 -> 0 | I44: =Jan!I44+Feb!I44+Mar!I44+Apr!I44+May!I44+June!I44+July!I44+Aug!I44+Sep!I44+Oct!I44+Nov!I44+Dec!I44 -> 330778 | J44: =Jan!J44+Feb!J44+Mar!J44+Apr!J44+May!J44+June!J44+July!J44+Aug!J44+Sep!J44+Oct!J44+Nov!J44+Dec!J44 -> 10094 | K44: =Jan!K44+Feb!K44+Mar!K44+Apr!K44+May!K44+June!K44+July!K44+Aug!K44+Sep!K44+Oct!K44+Nov!K44+Dec!K44 -> 2102 | L44: =Jan!L44+Feb!L44+Mar!L44+Apr!L44+May!L44+June!L44+July!L44+Aug!L44+Sep!L44+Oct!L44+Nov!L44+Dec!L44 -> 0 | M44: =Jan!M44+Feb!M44+Mar!M44+Apr!M44+May!M44+June!M44+July!M44+Aug!M44+Sep!M44+Oct!M44+Nov!M44+Dec!M44 -> 0 | N44: =Jan!N44+Feb!N44+Mar!N44+Apr!N44+May!N44+June!N44+July!N44+Aug!N44+Sep!N44+Oct!N44+Nov!N44+Dec!N44 -> 1871 | ... S44: =Jan!S44+Feb!S44+Mar!S44+Apr!S44+May!S44+June!S44+July!S44+Aug!S44+Sep!S44+Oct!S44+Nov!S44+Dec!S44 -> 0
E45: EV2 | G45: =Jan!G45+Feb!G45+Mar!G45+Apr!G45+May!G45+June!G45+July!G45+Aug!G45+Sep!G45+Oct!G45+Nov!G45+Dec!G45 -> 0 | H45: =Jan!H45+Feb!H45+Mar!H45+Apr!H45+May!H45+June!H45+July!H45+Aug!H45+Sep!H45+Oct!H45+Nov!H45+Dec!H45 -> 0 | I45: =Jan!I45+Feb!I45+Mar!I45+Apr!I45+May!I45+June!I45+July!I45+Aug!I45+Sep!I45+Oct!I45+Nov!I45+Dec!I45 -> 0 | J45: =Jan!J45+Feb!J45+Mar!J45+Apr!J45+May!J45+June!J45+July!J45+Aug!J45+Sep!J45+Oct!J45+Nov!J45+Dec!J45 -> 0 | K45: =Jan!K45+Feb!K45+Mar!K45+Apr!K45+May!K45+June!K45+July!K45+Aug!K45+Sep!K45+Oct!K45+Nov!K45+Dec!K45 -> 0 | L45: =Jan!L45+Feb!L45+Mar!L45+Apr!L45+May!L45+June!L45+July!L45+Aug!L45+Sep!L45+Oct!L45+Nov!L45+Dec!L45 -> 0 | M45: =Jan!M45+Feb!M45+Mar!M45+Apr!M45+May!M45+June!M45+July!M45+Aug!M45+Sep!M45+Oct!M45+Nov!M45+Dec!M45 -> 0 | N45: =Jan!N45+Feb!N45+Mar!N45+Apr!N45+May!N45+June!N45+July!N45+Aug!N45+Sep!N45+Oct!N45+Nov!N45+Dec!N45 -> 0 | ... S45: =Jan!S45+Feb!S45+Mar!S45+Apr!S45+May!S45+June!S45+July!S45+Aug!S45+Sep!S45+Oct!S45+Nov!S45+Dec!S45 -> 0
E46: EV4 | G46: =Jan!G46+Feb!G46+Mar!G46+Apr!G46+May!G46+June!G46+July!G46+Aug!G46+Sep!G46+Oct!G46+Nov!G46+Dec!G46 -> 3936 | H46: =Jan!H46+Feb!H46+Mar!H46+Apr!H46+May!H46+June!H46+July!H46+Aug!H46+Sep!H46+Oct!H46+Nov!H46+Dec!H46 -> 0 | I46: =Jan!I46+Feb!I46+Mar!I46+Apr!I46+May!I46+June!I46+July!I46+Aug!I46+Sep!I46+Oct!I46+Nov!I46+Dec!I46 -> 0 | J46: =Jan!J46+Feb!J46+Mar!J46+Apr!J46+May!J46+June!J46+July!J46+Aug!J46+Sep!J46+Oct!J46+Nov!J46+Dec!J46 -> 0 | K46: =Jan!K46+Feb!K46+Mar!K46+Apr!K46+May!K46+June!K46+July!K46+Aug!K46+Sep!K46+Oct!K46+Nov!K46+Dec!K46 -> 0 | L46: =Jan!L46+Feb!L46+Mar!L46+Apr!L46+May!L46+June!L46+July!L46+Aug!L46+Sep!L46+Oct!L46+Nov!L46+Dec!L46 -> 3936 | M46: =Jan!M46+Feb!M46+Mar!M46+Apr!M46+May!M46+June!M46+July!M46+Aug!M46+Sep!M46+Oct!M46+Nov!M46+Dec!M46 -> 0 | N46: =Jan!N46+Feb!N46+Mar!N46+Apr!N46+May!N46+June!N46+July!N46+Aug!N46+Sep!N46+Oct!N46+Nov!N46+Dec!N46 -> 0 | ... S46: =Jan!S46+Feb!S46+Mar!S46+Apr!S46+May!S46+June!S46+July!S46+Aug!S46+Sep!S46+Oct!S46+Nov!S46+Dec!S46 -> 0
E47: Cee'd | G47: =Jan!G47+Feb!G47+Mar!G47+Apr!G47+May!G47+June!G47+July!G47+Aug!G47+Sep!G47+Oct!G47+Nov!G47+Dec!G47 -> 65131 | H47: =Jan!H47+Feb!H47+Mar!H47+Apr!H47+May!H47+June!H47+July!H47+Aug!H47+Sep!H47+Oct!H47+Nov!H47+Dec!H47 -> 0 | I47: =Jan!I47+Feb!I47+Mar!I47+Apr!I47+May!I47+June!I47+July!I47+Aug!I47+Sep!I47+Oct!I47+Nov!I47+Dec!I47 -> 0 | J47: =Jan!J47+Feb!J47+Mar!J47+Apr!J47+May!J47+June!J47+July!J47+Aug!J47+Sep!J47+Oct!J47+Nov!J47+Dec!J47 -> 0 | K47: =Jan!K47+Feb!K47+Mar!K47+Apr!K47+May!K47+June!K47+July!K47+Aug!K47+Sep!K47+Oct!K47+Nov!K47+Dec!K47 -> 0 | L47: =Jan!L47+Feb!L47+Mar!L47+Apr!L47+May!L47+June!L47+July!L47+Aug!L47+Sep!L47+Oct!L47+Nov!L47+Dec!L47 -> 61424 | M47: =Jan!M47+Feb!M47+Mar!M47+Apr!M47+May!M47+June!M47+July!M47+Aug!M47+Sep!M47+Oct!M47+Nov!M47+Dec!M47 -> 3303 | N47: =Jan!N47+Feb!N47+Mar!N47+Apr!N47+May!N47+June!N47+July!N47+Aug!N47+Sep!N47+Oct!N47+Nov!N47+Dec!N47 -> 29 | ... S47: =Jan!S47+Feb!S47+Mar!S47+Apr!S47+May!S47+June!S47+July!S47+Aug!S47+Sep!S47+Oct!S47+Nov!S47+Dec!S47 -> 0
E48: Cee'd CUV | G48: =Jan!G48+Feb!G48+Mar!G48+Apr!G48+May!G48+June!G48+July!G48+Aug!G48+Sep!G48+Oct!G48+Nov!G48+Dec!G48 -> 27470 | H48: =Jan!H48+Feb!H48+Mar!H48+Apr!H48+May!H48+June!H48+July!H48+Aug!H48+Sep!H48+Oct!H48+Nov!H48+Dec!H48 -> 0 | I48: =Jan!I48+Feb!I48+Mar!I48+Apr!I48+May!I48+June!I48+July!I48+Aug!I48+Sep!I48+Oct!I48+Nov!I48+Dec!I48 -> 0 | J48: =Jan!J48+Feb!J48+Mar!J48+Apr!J48+May!J48+June!J48+July!J48+Aug!J48+Sep!J48+Oct!J48+Nov!J48+Dec!J48 -> 0 | K48: =Jan!K48+Feb!K48+Mar!K48+Apr!K48+May!K48+June!K48+July!K48+Aug!K48+Sep!K48+Oct!K48+Nov!K48+Dec!K48 -> 0 | L48: =Jan!L48+Feb!L48+Mar!L48+Apr!L48+May!L48+June!L48+July!L48+Aug!L48+Sep!L48+Oct!L48+Nov!L48+Dec!L48 -> 23326 | M48: =Jan!M48+Feb!M48+Mar!M48+Apr!M48+May!M48+June!M48+July!M48+Aug!M48+Sep!M48+Oct!M48+Nov!M48+Dec!M48 -> 2959 | N48: =Jan!N48+Feb!N48+Mar!N48+Apr!N48+May!N48+June!N48+July!N48+Aug!N48+Sep!N48+Oct!N48+Nov!N48+Dec!N48 -> 125 | ... S48: =Jan!S48+Feb!S48+Mar!S48+Apr!S48+May!S48+June!S48+July!S48+Aug!S48+Sep!S48+Oct!S48+Nov!S48+Dec!S48 -> 0
E49: Sportage | G49: =Jan!G49+Feb!G49+Mar!G49+Apr!G49+May!G49+June!G49+July!G49+Aug!G49+Sep!G49+Oct!G49+Nov!G49+Dec!G49 -> 190111 | H49: =Jan!H49+Feb!H49+Mar!H49+Apr!H49+May!H49+June!H49+July!H49+Aug!H49+Sep!H49+Oct!H49+Nov!H49+Dec!H49 -> 0 | I49: =Jan!I49+Feb!I49+Mar!I49+Apr!I49+May!I49+June!I49+July!I49+Aug!I49+Sep!I49+Oct!I49+Nov!I49+Dec!I49 -> 0 | J49: =Jan!J49+Feb!J49+Mar!J49+Apr!J49+May!J49+June!J49+July!J49+Aug!J49+Sep!J49+Oct!J49+Nov!J49+Dec!J49 -> 0 | K49: =Jan!K49+Feb!K49+Mar!K49+Apr!K49+May!K49+June!K49+July!K49+Aug!K49+Sep!K49+Oct!K49+Nov!K49+Dec!K49 -> 0 | L49: =Jan!L49+Feb!L49+Mar!L49+Apr!L49+May!L49+June!L49+July!L49+Aug!L49+Sep!L49+Oct!L49+Nov!L49+Dec!L49 -> 149677 | M49: =Jan!M49+Feb!M49+Mar!M49+Apr!M49+May!M49+June!M49+July!M49+Aug!M49+Sep!M49+Oct!M49+Nov!M49+Dec!M49 -> 10762 | N49: =Jan!N49+Feb!N49+Mar!N49+Apr!N49+May!N49+June!N49+July!N49+Aug!N49+Sep!N49+Oct!N49+Nov!N49+Dec!N49 -> 3647 | ... S49: =Jan!S49+Feb!S49+Mar!S49+Apr!S49+May!S49+June!S49+July!S49+Aug!S49+Sep!S49+Oct!S49+Nov!S49+Dec!S49 -> 0
B50: Slovakia Plant | G50: =Jan!G50+Feb!G50+Mar!G50+Apr!G50+May!G50+June!G50+July!G50+Aug!G50+Sep!G50+Oct!G50+Nov!G50+Dec!G50 -> 286648 | H50: =Jan!H50+Feb!H50+Mar!H50+Apr!H50+May!H50+June!H50+July!H50+Aug!H50+Sep!H50+Oct!H50+Nov!H50+Dec!H50 -> 0 | I50: =Jan!I50+Feb!I50+Mar!I50+Apr!I50+May!I50+June!I50+July!I50+Aug!I50+Sep!I50+Oct!I50+Nov!I50+Dec!I50 -> 0 | J50: =Jan!J50+Feb!J50+Mar!J50+Apr!J50+May!J50+June!J50+July!J50+Aug!J50+Sep!J50+Oct!J50+Nov!J50+Dec!J50 -> 0 | K50: =Jan!K50+Feb!K50+Mar!K50+Apr!K50+May!K50+June!K50+July!K50+Aug!K50+Sep!K50+Oct!K50+Nov!K50+Dec!K50 -> 0 | L50: =Jan!L50+Feb!L50+Mar!L50+Apr!L50+May!L50+June!L50+July!L50+Aug!L50+Sep!L50+Oct!L50+Nov!L50+Dec!L50 -> 238363 | M50: =Jan!M50+Feb!M50+Mar!M50+Apr!M50+May!M50+June!M50+July!M50+Aug!M50+Sep!M50+Oct!M50+Nov!M50+Dec!M50 -> 17024 | N50: =Jan!N50+Feb!N50+Mar!N50+Apr!N50+May!N50+June!N50+July!N50+Aug!N50+Sep!N50+Oct!N50+Nov!N50+Dec!N50 -> 3801 | ... S50: =Jan!S50+Feb!S50+Mar!S50+Apr!S50+May!S50+June!S50+July!S50+Aug!S50+Sep!S50+Oct!S50+Nov!S50+Dec!S50 -> 0
E51: Rio (Pride) | G51: =Jan!G51+Feb!G51+Mar!G51+Apr!G51+May!G51+June!G51+July!G51+Aug!G51+Sep!G51+Oct!G51+Nov!G51+Dec!G51 -> 7 | H51: =Jan!H51+Feb!H51+Mar!H51+Apr!H51+May!H51+June!H51+July!H51+Aug!H51+Sep!H51+Oct!H51+Nov!H51+Dec!H51 -> 0 | I51: =Jan!I51+Feb!I51+Mar!I51+Apr!I51+May!I51+June!I51+July!I51+Aug!I51+Sep!I51+Oct!I51+Nov!I51+Dec!I51 -> 0 | J51: =Jan!J51+Feb!J51+Mar!J51+Apr!J51+May!J51+June!J51+July!J51+Aug!J51+Sep!J51+Oct!J51+Nov!J51+Dec!J51 -> 3 | K51: =Jan!K51+Feb!K51+Mar!K51+Apr!K51+May!K51+June!K51+July!K51+Aug!K51+Sep!K51+Oct!K51+Nov!K51+Dec!K51 -> 0 | L51: =Jan!L51+Feb!L51+Mar!L51+Apr!L51+May!L51+June!L51+July!L51+Aug!L51+Sep!L51+Oct!L51+Nov!L51+Dec!L51 -> 0 | M51: =Jan!M51+Feb!M51+Mar!M51+Apr!M51+May!M51+June!M51+July!M51+Aug!M51+Sep!M51+Oct!M51+Nov!M51+Dec!M51 -> 0 | N51: =Jan!N51+Feb!N51+Mar!N51+Apr!N51+May!N51+June!N51+July!N51+Aug!N51+Sep!N51+Oct!N51+Nov!N51+Dec!N51 -> 2 | ... S51: =Jan!S51+Feb!S51+Mar!S51+Apr!S51+May!S51+June!S51+July!S51+Aug!S51+Sep!S51+Oct!S51+Nov!S51+Dec!S51 -> 0
E52: K3 | G52: =Jan!G52+Feb!G52+Mar!G52+Apr!G52+May!G52+June!G52+July!G52+Aug!G52+Sep!G52+Oct!G52+Nov!G52+Dec!G52 -> 81457 | H52: =Jan!H52+Feb!H52+Mar!H52+Apr!H52+May!H52+June!H52+July!H52+Aug!H52+Sep!H52+Oct!H52+Nov!H52+Dec!H52 -> 0 | I52: =Jan!I52+Feb!I52+Mar!I52+Apr!I52+May!I52+June!I52+July!I52+Aug!I52+Sep!I52+Oct!I52+Nov!I52+Dec!I52 -> 406 | J52: =Jan!J52+Feb!J52+Mar!J52+Apr!J52+May!J52+June!J52+July!J52+Aug!J52+Sep!J52+Oct!J52+Nov!J52+Dec!J52 -> 28 | K52: =Jan!K52+Feb!K52+Mar!K52+Apr!K52+May!K52+June!K52+July!K52+Aug!K52+Sep!K52+Oct!K52+Nov!K52+Dec!K52 -> 56612 | L52: =Jan!L52+Feb!L52+Mar!L52+Apr!L52+May!L52+June!L52+July!L52+Aug!L52+Sep!L52+Oct!L52+Nov!L52+Dec!L52 -> 0 | M52: =Jan!M52+Feb!M52+Mar!M52+Apr!M52+May!M52+June!M52+July!M52+Aug!M52+Sep!M52+Oct!M52+Nov!M52+Dec!M52 -> 8 | N52: =Jan!N52+Feb!N52+Mar!N52+Apr!N52+May!N52+June!N52+July!N52+Aug!N52+Sep!N52+Oct!N52+Nov!N52+Dec!N52 -> 18077 | ... S52: =Jan!S52+Feb!S52+Mar!S52+Apr!S52+May!S52+June!S52+July!S52+Aug!S52+Sep!S52+Oct!S52+Nov!S52+Dec!S52 -> 0
E53: K4 | G53: =Jan!G53+Feb!G53+Mar!G53+Apr!G53+May!G53+June!G53+July!G53+Aug!G53+Sep!G53+Oct!G53+Nov!G53+Dec!G53 -> 183459 | H53: =Jan!H53+Feb!H53+Mar!H53+Apr!H53+May!H53+June!H53+July!H53+Aug!H53+Sep!H53+Oct!H53+Nov!H53+Dec!H53 -> 0 | I53: =Jan!I53+Feb!I53+Mar!I53+Apr!I53+May!I53+June!I53+July!I53+Aug!I53+Sep!I53+Oct!I53+Nov!I53+Dec!I53 -> 140108 | J53: =Jan!J53+Feb!J53+Mar!J53+Apr!J53+May!J53+June!J53+July!J53+Aug!J53+Sep!J53+Oct!J53+Nov!J53+Dec!J53 -> 13984 | K53: =Jan!K53+Feb!K53+Mar!K53+Apr!K53+May!K53+June!K53+July!K53+Aug!K53+Sep!K53+Oct!K53+Nov!K53+Dec!K53 -> 14763 | L53: =Jan!L53+Feb!L53+Mar!L53+Apr!L53+May!L53+June!L53+July!L53+Aug!L53+Sep!L53+Oct!L53+Nov!L53+Dec!L53 -> 468 | M53: =Jan!M53+Feb!M53+Mar!M53+Apr!M53+May!M53+June!M53+July!M53+Aug!M53+Sep!M53+Oct!M53+Nov!M53+Dec!M53 -> 7 | N53: =Jan!N53+Feb!N53+Mar!N53+Apr!N53+May!N53+June!N53+July!N53+Aug!N53+Sep!N53+Oct!N53+Nov!N53+Dec!N53 -> 975 | ... S53: =Jan!S53+Feb!S53+Mar!S53+Apr!S53+May!S53+June!S53+July!S53+Aug!S53+Sep!S53+Oct!S53+Nov!S53+Dec!S53 -> 0
B54: Mexico Plant | G54: =Jan!G54+Feb!G54+Mar!G54+Apr!G54+May!G54+June!G54+July!G54+Aug!G54+Sep!G54+Oct!G54+Nov!G54+Dec!G54 -> 264923 | H54: =Jan!H54+Feb!H54+Mar!H54+Apr!H54+May!H54+June!H54+July!H54+Aug!H54+Sep!H54+Oct!H54+Nov!H54+Dec!H54 -> 0 | I54: =Jan!I54+Feb!I54+Mar!I54+Apr!I54+May!I54+June!I54+July!I54+Aug!I54+Sep!I54+Oct!I54+Nov!I54+Dec!I54 -> 140514 | J54: =Jan!J54+Feb!J54+Mar!J54+Apr!J54+May!J54+June!J54+July!J54+Aug!J54+Sep!J54+Oct!J54+Nov!J54+Dec!J54 -> 14015 | K54: =Jan!K54+Feb!K54+Mar!K54+Apr!K54+May!K54+June!K54+July!K54+Aug!K54+Sep!K54+Oct!K54+Nov!K54+Dec!K54 -> 71375 | L54: =Jan!L54+Feb!L54+Mar!L54+Apr!L54+May!L54+June!L54+July!L54+Aug!L54+Sep!L54+Oct!L54+Nov!L54+Dec!L54 -> 468 | M54: =Jan!M54+Feb!M54+Mar!M54+Apr!M54+May!M54+June!M54+July!M54+Aug!M54+Sep!M54+Oct!M54+Nov!M54+Dec!M54 -> 15 | N54: =Jan!N54+Feb!N54+Mar!N54+Apr!N54+May!N54+June!N54+July!N54+Aug!N54+Sep!N54+Oct!N54+Nov!N54+Dec!N54 -> 19054 | ... S54: =Jan!S54+Feb!S54+Mar!S54+Apr!S54+May!S54+June!S54+July!S54+Aug!S54+Sep!S54+Oct!S54+Nov!S54+Dec!S54 -> 0
E55: Rio (Pride) | G55: =Jan!G55+Feb!G55+Mar!G55+Apr!G55+May!G55+June!G55+July!G55+Aug!G55+Sep!G55+Oct!G55+Nov!G55+Dec!G55 -> 1 | H55: =Jan!H55+Feb!H55+Mar!H55+Apr!H55+May!H55+June!H55+July!H55+Aug!H55+Sep!H55+Oct!H55+Nov!H55+Dec!H55 -> 0 | I55: =Jan!I55+Feb!I55+Mar!I55+Apr!I55+May!I55+June!I55+July!I55+Aug!I55+Sep!I55+Oct!I55+Nov!I55+Dec!I55 -> 0 | J55: =Jan!J55+Feb!J55+Mar!J55+Apr!J55+May!J55+June!J55+July!J55+Aug!J55+Sep!J55+Oct!J55+Nov!J55+Dec!J55 -> 0 | K55: =Jan!K55+Feb!K55+Mar!K55+Apr!K55+May!K55+June!K55+July!K55+Aug!K55+Sep!K55+Oct!K55+Nov!K55+Dec!K55 -> 0 | L55: =Jan!L55+Feb!L55+Mar!L55+Apr!L55+May!L55+June!L55+July!L55+Aug!L55+Sep!L55+Oct!L55+Nov!L55+Dec!L55 -> 0 | M55: =Jan!M55+Feb!M55+Mar!M55+Apr!M55+May!M55+June!M55+July!M55+Aug!M55+Sep!M55+Oct!M55+Nov!M55+Dec!M55 -> 1 | N55: =Jan!N55+Feb!N55+Mar!N55+Apr!N55+May!N55+June!N55+July!N55+Aug!N55+Sep!N55+Oct!N55+Nov!N55+Dec!N55 -> 0 | ... S55: =Jan!S55+Feb!S55+Mar!S55+Apr!S55+May!S55+June!S55+July!S55+Aug!S55+Sep!S55+Oct!S55+Nov!S55+Dec!S55 -> 0
B56: *Russia Plant (HMMR) | G56: =Jan!G56+Feb!G56+Mar!G56+Apr!G56+May!G56+June!G56+July!G56+Aug!G56+Sep!G56+Oct!G56+Nov!G56+Dec!G56 -> 1 | H56: =Jan!H56+Feb!H56+Mar!H56+Apr!H56+May!H56+June!H56+July!H56+Aug!H56+Sep!H56+Oct!H56+Nov!H56+Dec!H56 -> 0 | I56: =Jan!I56+Feb!I56+Mar!I56+Apr!I56+May!I56+June!I56+July!I56+Aug!I56+Sep!I56+Oct!I56+Nov!I56+Dec!I56 -> 0 | J56: =Jan!J56+Feb!J56+Mar!J56+Apr!J56+May!J56+June!J56+July!J56+Aug!J56+Sep!J56+Oct!J56+Nov!J56+Dec!J56 -> 0 | K56: =Jan!K56+Feb!K56+Mar!K56+Apr!K56+May!K56+June!K56+July!K56+Aug!K56+Sep!K56+Oct!K56+Nov!K56+Dec!K56 -> 0 | L56: =Jan!L56+Feb!L56+Mar!L56+Apr!L56+May!L56+June!L56+July!L56+Aug!L56+Sep!L56+Oct!L56+Nov!L56+Dec!L56 -> 0 | M56: =Jan!M56+Feb!M56+Mar!M56+Apr!M56+May!M56+June!M56+July!M56+Aug!M56+Sep!M56+Oct!M56+Nov!M56+Dec!M56 -> 1 | N56: =Jan!N56+Feb!N56+Mar!N56+Apr!N56+May!N56+June!N56+July!N56+Aug!N56+Sep!N56+Oct!N56+Nov!N56+Dec!N56 -> 0 | ... S56: =Jan!S56+Feb!S56+Mar!S56+Apr!S56+May!S56+June!S56+July!S56+Aug!S56+Sep!S56+Oct!S56+Nov!S56+Dec!S56 -> 0
E57: Pegas | G57: =Jan!G57+Feb!G57+Mar!G57+Apr!G57+May!G57+June!G57+July!G57+Aug!G57+Sep!G57+Oct!G57+Nov!G57+Dec!G57 -> 64439 | H57: =Jan!H57+Feb!H57+Mar!H57+Apr!H57+May!H57+June!H57+July!H57+Aug!H57+Sep!H57+Oct!H57+Nov!H57+Dec!H57 -> 0 | I57: =Jan!I57+Feb!I57+Mar!I57+Apr!I57+May!I57+June!I57+July!I57+Aug!I57+Sep!I57+Oct!I57+Nov!I57+Dec!I57 -> 0 | J57: =Jan!J57+Feb!J57+Mar!J57+Apr!J57+May!J57+June!J57+July!J57+Aug!J57+Sep!J57+Oct!J57+Nov!J57+Dec!J57 -> 0 | K57: =Jan!K57+Feb!K57+Mar!K57+Apr!K57+May!K57+June!K57+July!K57+Aug!K57+Sep!K57+Oct!K57+Nov!K57+Dec!K57 -> 0 | L57: =Jan!L57+Feb!L57+Mar!L57+Apr!L57+May!L57+June!L57+July!L57+Aug!L57+Sep!L57+Oct!L57+Nov!L57+Dec!L57 -> 0 | M57: =Jan!M57+Feb!M57+Mar!M57+Apr!M57+May!M57+June!M57+July!M57+Aug!M57+Sep!M57+Oct!M57+Nov!M57+Dec!M57 -> 104 | N57: =Jan!N57+Feb!N57+Mar!N57+Apr!N57+May!N57+June!N57+July!N57+Aug!N57+Sep!N57+Oct!N57+Nov!N57+Dec!N57 -> 26249 | ... S57: =Jan!S57+Feb!S57+Mar!S57+Apr!S57+May!S57+June!S57+July!S57+Aug!S57+Sep!S57+Oct!S57+Nov!S57+Dec!S57 -> 139
E58: Forte | G58: =Jan!G58+Feb!G58+Mar!G58+Apr!G58+May!G58+June!G58+July!G58+Aug!G58+Sep!G58+Oct!G58+Nov!G58+Dec!G58 -> 9386 | H58: =Jan!H58+Feb!H58+Mar!H58+Apr!H58+May!H58+June!H58+July!H58+Aug!H58+Sep!H58+Oct!H58+Nov!H58+Dec!H58 -> 0 | I58: =Jan!I58+Feb!I58+Mar!I58+Apr!I58+May!I58+June!I58+July!I58+Aug!I58+Sep!I58+Oct!I58+Nov!I58+Dec!I58 -> 0 | J58: =Jan!J58+Feb!J58+Mar!J58+Apr!J58+May!J58+June!J58+July!J58+Aug!J58+Sep!J58+Oct!J58+Nov!J58+Dec!J58 -> 0 | K58: =Jan!K58+Feb!K58+Mar!K58+Apr!K58+May!K58+June!K58+July!K58+Aug!K58+Sep!K58+Oct!K58+Nov!K58+Dec!K58 -> 0 | L58: =Jan!L58+Feb!L58+Mar!L58+Apr!L58+May!L58+June!L58+July!L58+Aug!L58+Sep!L58+Oct!L58+Nov!L58+Dec!L58 -> 0 | M58: =Jan!M58+Feb!M58+Mar!M58+Apr!M58+May!M58+June!M58+July!M58+Aug!M58+Sep!M58+Oct!M58+Nov!M58+Dec!M58 -> 0 | N58: =Jan!N58+Feb!N58+Mar!N58+Apr!N58+May!N58+June!N58+July!N58+Aug!N58+Sep!N58+Oct!N58+Nov!N58+Dec!N58 -> 0 | ... S58: =Jan!S58+Feb!S58+Mar!S58+Apr!S58+May!S58+June!S58+July!S58+Aug!S58+Sep!S58+Oct!S58+Nov!S58+Dec!S58 -> 9386
E59: K3 | G59: =Jan!G59+Feb!G59+Mar!G59+Apr!G59+May!G59+June!G59+July!G59+Aug!G59+Sep!G59+Oct!G59+Nov!G59+Dec!G59 -> 6525 | H59: =Jan!H59+Feb!H59+Mar!H59+Apr!H59+May!H59+June!H59+July!H59+Aug!H59+Sep!H59+Oct!H59+Nov!H59+Dec!H59 -> 0 | I59: =Jan!I59+Feb!I59+Mar!I59+Apr!I59+May!I59+June!I59+July!I59+Aug!I59+Sep!I59+Oct!I59+Nov!I59+Dec!I59 -> 0 | J59: =Jan!J59+Feb!J59+Mar!J59+Apr!J59+May!J59+June!J59+July!J59+Aug!J59+Sep!J59+Oct!J59+Nov!J59+Dec!J59 -> 0 | K59: =Jan!K59+Feb!K59+Mar!K59+Apr!K59+May!K59+June!K59+July!K59+Aug!K59+Sep!K59+Oct!K59+Nov!K59+Dec!K59 -> 0 | L59: =Jan!L59+Feb!L59+Mar!L59+Apr!L59+May!L59+June!L59+July!L59+Aug!L59+Sep!L59+Oct!L59+Nov!L59+Dec!L59 -> 0 | M59: =Jan!M59+Feb!M59+Mar!M59+Apr!M59+May!M59+June!M59+July!M59+Aug!M59+Sep!M59+Oct!M59+Nov!M59+Dec!M59 -> 0 | N59: =Jan!N59+Feb!N59+Mar!N59+Apr!N59+May!N59+June!N59+July!N59+Aug!N59+Sep!N59+Oct!N59+Nov!N59+Dec!N59 -> 0 | ... S59: =Jan!S59+Feb!S59+Mar!S59+Apr!S59+May!S59+June!S59+July!S59+Aug!S59+Sep!S59+Oct!S59+Nov!S59+Dec!S59 -> 6525
E60: K5 | G60: =Jan!G60+Feb!G60+Mar!G60+Apr!G60+May!G60+June!G60+July!G60+Aug!G60+Sep!G60+Oct!G60+Nov!G60+Dec!G60 -> 5870 | H60: =Jan!H60+Feb!H60+Mar!H60+Apr!H60+May!H60+June!H60+July!H60+Aug!H60+Sep!H60+Oct!H60+Nov!H60+Dec!H60 -> 0 | I60: =Jan!I60+Feb!I60+Mar!I60+Apr!I60+May!I60+June!I60+July!I60+Aug!I60+Sep!I60+Oct!I60+Nov!I60+Dec!I60 -> 0 | J60: =Jan!J60+Feb!J60+Mar!J60+Apr!J60+May!J60+June!J60+July!J60+Aug!J60+Sep!J60+Oct!J60+Nov!J60+Dec!J60 -> 0 | K60: =Jan!K60+Feb!K60+Mar!K60+Apr!K60+May!K60+June!K60+July!K60+Aug!K60+Sep!K60+Oct!K60+Nov!K60+Dec!K60 -> 0 | L60: =Jan!L60+Feb!L60+Mar!L60+Apr!L60+May!L60+June!L60+July!L60+Aug!L60+Sep!L60+Oct!L60+Nov!L60+Dec!L60 -> 0 | M60: =Jan!M60+Feb!M60+Mar!M60+Apr!M60+May!M60+June!M60+July!M60+Aug!M60+Sep!M60+Oct!M60+Nov!M60+Dec!M60 -> 4100 | N60: =Jan!N60+Feb!N60+Mar!N60+Apr!N60+May!N60+June!N60+July!N60+Aug!N60+Sep!N60+Oct!N60+Nov!N60+Dec!N60 -> 0 | ... S60: =Jan!S60+Feb!S60+Mar!S60+Apr!S60+May!S60+June!S60+July!S60+Aug!S60+Sep!S60+Oct!S60+Nov!S60+Dec!S60 -> 1770
E61: KX1 | G61: =Jan!G61+Feb!G61+Mar!G61+Apr!G61+May!G61+June!G61+July!G61+Aug!G61+Sep!G61+Oct!G61+Nov!G61+Dec!G61 -> 21188 | H61: =Jan!H61+Feb!H61+Mar!H61+Apr!H61+May!H61+June!H61+July!H61+Aug!H61+Sep!H61+Oct!H61+Nov!H61+Dec!H61 -> 0 | I61: =Jan!I61+Feb!I61+Mar!I61+Apr!I61+May!I61+June!I61+July!I61+Aug!I61+Sep!I61+Oct!I61+Nov!I61+Dec!I61 -> 0 | J61: =Jan!J61+Feb!J61+Mar!J61+Apr!J61+May!J61+June!J61+July!J61+Aug!J61+Sep!J61+Oct!J61+Nov!J61+Dec!J61 -> 0 | K61: =Jan!K61+Feb!K61+Mar!K61+Apr!K61+May!K61+June!K61+July!K61+Aug!K61+Sep!K61+Oct!K61+Nov!K61+Dec!K61 -> 0 | L61: =Jan!L61+Feb!L61+Mar!L61+Apr!L61+May!L61+June!L61+July!L61+Aug!L61+Sep!L61+Oct!L61+Nov!L61+Dec!L61 -> 0 | M61: =Jan!M61+Feb!M61+Mar!M61+Apr!M61+May!M61+June!M61+July!M61+Aug!M61+Sep!M61+Oct!M61+Nov!M61+Dec!M61 -> 0 | N61: =Jan!N61+Feb!N61+Mar!N61+Apr!N61+May!N61+June!N61+July!N61+Aug!N61+Sep!N61+Oct!N61+Nov!N61+Dec!N61 -> 0 | ... S61: =Jan!S61+Feb!S61+Mar!S61+Apr!S61+May!S61+June!S61+July!S61+Aug!S61+Sep!S61+Oct!S61+Nov!S61+Dec!S61 -> 21186
E62: Sonet | G62: =Jan!G62+Feb!G62+Mar!G62+Apr!G62+May!G62+June!G62+July!G62+Aug!G62+Sep!G62+Oct!G62+Nov!G62+Dec!G62 -> 42109 | H62: =Jan!H62+Feb!H62+Mar!H62+Apr!H62+May!H62+June!H62+July!H62+Aug!H62+Sep!H62+Oct!H62+Nov!H62+Dec!H62 -> 0 | I62: =Jan!I62+Feb!I62+Mar!I62+Apr!I62+May!I62+June!I62+July!I62+Aug!I62+Sep!I62+Oct!I62+Nov!I62+Dec!I62 -> 0 | J62: =Jan!J62+Feb!J62+Mar!J62+Apr!J62+May!J62+June!J62+July!J62+Aug!J62+Sep!J62+Oct!J62+Nov!J62+Dec!J62 -> 0 | K62: =Jan!K62+Feb!K62+Mar!K62+Apr!K62+May!K62+June!K62+July!K62+Aug!K62+Sep!K62+Oct!K62+Nov!K62+Dec!K62 -> 13697 | L62: =Jan!L62+Feb!L62+Mar!L62+Apr!L62+May!L62+June!L62+July!L62+Aug!L62+Sep!L62+Oct!L62+Nov!L62+Dec!L62 -> 0 | M62: =Jan!M62+Feb!M62+Mar!M62+Apr!M62+May!M62+June!M62+July!M62+Aug!M62+Sep!M62+Oct!M62+Nov!M62+Dec!M62 -> 16 | N62: =Jan!N62+Feb!N62+Mar!N62+Apr!N62+May!N62+June!N62+July!N62+Aug!N62+Sep!N62+Oct!N62+Nov!N62+Dec!N62 -> 13878 | ... S62: =Jan!S62+Feb!S62+Mar!S62+Apr!S62+May!S62+June!S62+July!S62+Aug!S62+Sep!S62+Oct!S62+Nov!S62+Dec!S62 -> 961
E63: KX3 / Seltos | G63: =Jan!G63+Feb!G63+Mar!G63+Apr!G63+May!G63+June!G63+July!G63+Aug!G63+Sep!G63+Oct!G63+Nov!G63+Dec!G63 -> 59273 | H63: =Jan!H63+Feb!H63+Mar!H63+Apr!H63+May!H63+June!H63+July!H63+Aug!H63+Sep!H63+Oct!H63+Nov!H63+Dec!H63 -> 0 | I63: =Jan!I63+Feb!I63+Mar!I63+Apr!I63+May!I63+June!I63+July!I63+Aug!I63+Sep!I63+Oct!I63+Nov!I63+Dec!I63 -> 0 | J63: =Jan!J63+Feb!J63+Mar!J63+Apr!J63+May!J63+June!J63+July!J63+Aug!J63+Sep!J63+Oct!J63+Nov!J63+Dec!J63 -> 0 | K63: =Jan!K63+Feb!K63+Mar!K63+Apr!K63+May!K63+June!K63+July!K63+Aug!K63+Sep!K63+Oct!K63+Nov!K63+Dec!K63 -> 15844 | L63: =Jan!L63+Feb!L63+Mar!L63+Apr!L63+May!L63+June!L63+July!L63+Aug!L63+Sep!L63+Oct!L63+Nov!L63+Dec!L63 -> 0 | M63: =Jan!M63+Feb!M63+Mar!M63+Apr!M63+May!M63+June!M63+July!M63+Aug!M63+Sep!M63+Oct!M63+Nov!M63+Dec!M63 -> 0 | N63: =Jan!N63+Feb!N63+Mar!N63+Apr!N63+May!N63+June!N63+July!N63+Aug!N63+Sep!N63+Oct!N63+Nov!N63+Dec!N63 -> 10437 | ... S63: =Jan!S63+Feb!S63+Mar!S63+Apr!S63+May!S63+June!S63+July!S63+Aug!S63+Sep!S63+Oct!S63+Nov!S63+Dec!S63 -> 19388
E64: Zhipao | G64: =Jan!G64+Feb!G64+Mar!G64+Apr!G64+May!G64+June!G64+July!G64+Aug!G64+Sep!G64+Oct!G64+Nov!G64+Dec!G64 -> 1771 | H64: =Jan!H64+Feb!H64+Mar!H64+Apr!H64+May!H64+June!H64+July!H64+Aug!H64+Sep!H64+Oct!H64+Nov!H64+Dec!H64 -> 0 | I64: =Jan!I64+Feb!I64+Mar!I64+Apr!I64+May!I64+June!I64+July!I64+Aug!I64+Sep!I64+Oct!I64+Nov!I64+Dec!I64 -> 0 | J64: =Jan!J64+Feb!J64+Mar!J64+Apr!J64+May!J64+June!J64+July!J64+Aug!J64+Sep!J64+Oct!J64+Nov!J64+Dec!J64 -> 0 | K64: =Jan!K64+Feb!K64+Mar!K64+Apr!K64+May!K64+June!K64+July!K64+Aug!K64+Sep!K64+Oct!K64+Nov!K64+Dec!K64 -> 0 | L64: =Jan!L64+Feb!L64+Mar!L64+Apr!L64+May!L64+June!L64+July!L64+Aug!L64+Sep!L64+Oct!L64+Nov!L64+Dec!L64 -> 0 | M64: =Jan!M64+Feb!M64+Mar!M64+Apr!M64+May!M64+June!M64+July!M64+Aug!M64+Sep!M64+Oct!M64+Nov!M64+Dec!M64 -> 0 | N64: =Jan!N64+Feb!N64+Mar!N64+Apr!N64+May!N64+June!N64+July!N64+Aug!N64+Sep!N64+Oct!N64+Nov!N64+Dec!N64 -> 0 | ... S64: =Jan!S64+Feb!S64+Mar!S64+Apr!S64+May!S64+June!S64+July!S64+Aug!S64+Sep!S64+Oct!S64+Nov!S64+Dec!S64 -> 1771
E65: Sportage | G65: =Jan!G65+Feb!G65+Mar!G65+Apr!G65+May!G65+June!G65+July!G65+Aug!G65+Sep!G65+Oct!G65+Nov!G65+Dec!G65 -> 28366 | H65: =Jan!H65+Feb!H65+Mar!H65+Apr!H65+May!H65+June!H65+July!H65+Aug!H65+Sep!H65+Oct!H65+Nov!H65+Dec!H65 -> 0 | I65: =Jan!I65+Feb!I65+Mar!I65+Apr!I65+May!I65+June!I65+July!I65+Aug!I65+Sep!I65+Oct!I65+Nov!I65+Dec!I65 -> 0 | J65: =Jan!J65+Feb!J65+Mar!J65+Apr!J65+May!J65+June!J65+July!J65+Aug!J65+Sep!J65+Oct!J65+Nov!J65+Dec!J65 -> 0 | K65: =Jan!K65+Feb!K65+Mar!K65+Apr!K65+May!K65+June!K65+July!K65+Aug!K65+Sep!K65+Oct!K65+Nov!K65+Dec!K65 -> 0 | L65: =Jan!L65+Feb!L65+Mar!L65+Apr!L65+May!L65+June!L65+July!L65+Aug!L65+Sep!L65+Oct!L65+Nov!L65+Dec!L65 -> 0 | M65: =Jan!M65+Feb!M65+Mar!M65+Apr!M65+May!M65+June!M65+July!M65+Aug!M65+Sep!M65+Oct!M65+Nov!M65+Dec!M65 -> 0 | N65: =Jan!N65+Feb!N65+Mar!N65+Apr!N65+May!N65+June!N65+July!N65+Aug!N65+Sep!N65+Oct!N65+Nov!N65+Dec!N65 -> 0 | ... S65: =Jan!S65+Feb!S65+Mar!S65+Apr!S65+May!S65+June!S65+July!S65+Aug!S65+Sep!S65+Oct!S65+Nov!S65+Dec!S65 -> 15561
E66: Carnival | G66: =Jan!G66+Feb!G66+Mar!G66+Apr!G66+May!G66+June!G66+July!G66+Aug!G66+Sep!G66+Oct!G66+Nov!G66+Dec!G66 -> 1280 | H66: =Jan!H66+Feb!H66+Mar!H66+Apr!H66+May!H66+June!H66+July!H66+Aug!H66+Sep!H66+Oct!H66+Nov!H66+Dec!H66 -> 0 | I66: =Jan!I66+Feb!I66+Mar!I66+Apr!I66+May!I66+June!I66+July!I66+Aug!I66+Sep!I66+Oct!I66+Nov!I66+Dec!I66 -> 0 | J66: =Jan!J66+Feb!J66+Mar!J66+Apr!J66+May!J66+June!J66+July!J66+Aug!J66+Sep!J66+Oct!J66+Nov!J66+Dec!J66 -> 0 | K66: =Jan!K66+Feb!K66+Mar!K66+Apr!K66+May!K66+June!K66+July!K66+Aug!K66+Sep!K66+Oct!K66+Nov!K66+Dec!K66 -> 0 | L66: =Jan!L66+Feb!L66+Mar!L66+Apr!L66+May!L66+June!L66+July!L66+Aug!L66+Sep!L66+Oct!L66+Nov!L66+Dec!L66 -> 0 | M66: =Jan!M66+Feb!M66+Mar!M66+Apr!M66+May!M66+June!M66+July!M66+Aug!M66+Sep!M66+Oct!M66+Nov!M66+Dec!M66 -> 0 | N66: =Jan!N66+Feb!N66+Mar!N66+Apr!N66+May!N66+June!N66+July!N66+Aug!N66+Sep!N66+Oct!N66+Nov!N66+Dec!N66 -> 0 | ... S66: =Jan!S66+Feb!S66+Mar!S66+Apr!S66+May!S66+June!S66+July!S66+Aug!S66+Sep!S66+Oct!S66+Nov!S66+Dec!S66 -> 1280
E67: EV5 | G67: =Jan!G67+Feb!G67+Mar!G67+Apr!G67+May!G67+June!G67+July!G67+Aug!G67+Sep!G67+Oct!G67+Nov!G67+Dec!G67 -> 10436 | H67: =Jan!H67+Feb!H67+Mar!H67+Apr!H67+May!H67+June!H67+July!H67+Aug!H67+Sep!H67+Oct!H67+Nov!H67+Dec!H67 -> 0 | I67: =Jan!I67+Feb!I67+Mar!I67+Apr!I67+May!I67+June!I67+July!I67+Aug!I67+Sep!I67+Oct!I67+Nov!I67+Dec!I67 -> 0 | J67: =Jan!J67+Feb!J67+Mar!J67+Apr!J67+May!J67+June!J67+July!J67+Aug!J67+Sep!J67+Oct!J67+Nov!J67+Dec!J67 -> 0 | K67: =Jan!K67+Feb!K67+Mar!K67+Apr!K67+May!K67+June!K67+July!K67+Aug!K67+Sep!K67+Oct!K67+Nov!K67+Dec!K67 -> 0 | L67: =Jan!L67+Feb!L67+Mar!L67+Apr!L67+May!L67+June!L67+July!L67+Aug!L67+Sep!L67+Oct!L67+Nov!L67+Dec!L67 -> 0 | M67: =Jan!M67+Feb!M67+Mar!M67+Apr!M67+May!M67+June!M67+July!M67+Aug!M67+Sep!M67+Oct!M67+Nov!M67+Dec!M67 -> 0 | N67: =Jan!N67+Feb!N67+Mar!N67+Apr!N67+May!N67+June!N67+July!N67+Aug!N67+Sep!N67+Oct!N67+Nov!N67+Dec!N67 -> 1370 | ... S67: =Jan!S67+Feb!S67+Mar!S67+Apr!S67+May!S67+June!S67+July!S67+Aug!S67+Sep!S67+Oct!S67+Nov!S67+Dec!S67 -> 3192
B68: China Plants | G68: =Jan!G68+Feb!G68+Mar!G68+Apr!G68+May!G68+June!G68+July!G68+Aug!G68+Sep!G68+Oct!G68+Nov!G68+Dec!G68 -> 250643 | H68: =Jan!H68+Feb!H68+Mar!H68+Apr!H68+May!H68+June!H68+July!H68+Aug!H68+Sep!H68+Oct!H68+Nov!H68+Dec!H68 -> 0 | I68: =Jan!I68+Feb!I68+Mar!I68+Apr!I68+May!I68+June!I68+July!I68+Aug!I68+Sep!I68+Oct!I68+Nov!I68+Dec!I68 -> 0 | J68: =Jan!J68+Feb!J68+Mar!J68+Apr!J68+May!J68+June!J68+July!J68+Aug!J68+Sep!J68+Oct!J68+Nov!J68+Dec!J68 -> 0 | K68: =Jan!K68+Feb!K68+Mar!K68+Apr!K68+May!K68+June!K68+July!K68+Aug!K68+Sep!K68+Oct!K68+Nov!K68+Dec!K68 -> 29541 | L68: =Jan!L68+Feb!L68+Mar!L68+Apr!L68+May!L68+June!L68+July!L68+Aug!L68+Sep!L68+Oct!L68+Nov!L68+Dec!L68 -> 0 | M68: =Jan!M68+Feb!M68+Mar!M68+Apr!M68+May!M68+June!M68+July!M68+Aug!M68+Sep!M68+Oct!M68+Nov!M68+Dec!M68 -> 4220 | N68: =Jan!N68+Feb!N68+Mar!N68+Apr!N68+May!N68+June!N68+July!N68+Aug!N68+Sep!N68+Oct!N68+Nov!N68+Dec!N68 -> 51934 | ... S68: =Jan!S68+Feb!S68+Mar!S68+Apr!S68+May!S68+June!S68+July!S68+Aug!S68+Sep!S68+Oct!S68+Nov!S68+Dec!S68 -> 81159
E69: Syros | G69: =Jan!G69+Feb!G69+Mar!G69+Apr!G69+May!G69+June!G69+July!G69+Aug!G69+Sep!G69+Oct!G69+Nov!G69+Dec!G69 -> 24237 | H69: =Jan!H69+Feb!H69+Mar!H69+Apr!H69+May!H69+June!H69+July!H69+Aug!H69+Sep!H69+Oct!H69+Nov!H69+Dec!H69 -> 0 | I69: =Jan!I69+Feb!I69+Mar!I69+Apr!I69+May!I69+June!I69+July!I69+Aug!I69+Sep!I69+Oct!I69+Nov!I69+Dec!I69 -> 0 | J69: =Jan!J69+Feb!J69+Mar!J69+Apr!J69+May!J69+June!J69+July!J69+Aug!J69+Sep!J69+Oct!J69+Nov!J69+Dec!J69 -> 0 | K69: =Jan!K69+Feb!K69+Mar!K69+Apr!K69+May!K69+June!K69+July!K69+Aug!K69+Sep!K69+Oct!K69+Nov!K69+Dec!K69 -> 0 | L69: =Jan!L69+Feb!L69+Mar!L69+Apr!L69+May!L69+June!L69+July!L69+Aug!L69+Sep!L69+Oct!L69+Nov!L69+Dec!L69 -> 0 | M69: =Jan!M69+Feb!M69+Mar!M69+Apr!M69+May!M69+June!M69+July!M69+Aug!M69+Sep!M69+Oct!M69+Nov!M69+Dec!M69 -> 0 | N69: =Jan!N69+Feb!N69+Mar!N69+Apr!N69+May!N69+June!N69+July!N69+Aug!N69+Sep!N69+Oct!N69+Nov!N69+Dec!N69 -> 0 | ... S69: =Jan!S69+Feb!S69+Mar!S69+Apr!S69+May!S69+June!S69+July!S69+Aug!S69+Sep!S69+Oct!S69+Nov!S69+Dec!S69 -> 0
E70: Sonet | G70: =Jan!G70+Feb!G70+Mar!G70+Apr!G70+May!G70+June!G70+July!G70+Aug!G70+Sep!G70+Oct!G70+Nov!G70+Dec!G70 -> 121186 | H70: =Jan!H70+Feb!H70+Mar!H70+Apr!H70+May!H70+June!H70+July!H70+Aug!H70+Sep!H70+Oct!H70+Nov!H70+Dec!H70 -> 0 | I70: =Jan!I70+Feb!I70+Mar!I70+Apr!I70+May!I70+June!I70+July!I70+Aug!I70+Sep!I70+Oct!I70+Nov!I70+Dec!I70 -> 0 | J70: =Jan!J70+Feb!J70+Mar!J70+Apr!J70+May!J70+June!J70+July!J70+Aug!J70+Sep!J70+Oct!J70+Nov!J70+Dec!J70 -> 0 | K70: =Jan!K70+Feb!K70+Mar!K70+Apr!K70+May!K70+June!K70+July!K70+Aug!K70+Sep!K70+Oct!K70+Nov!K70+Dec!K70 -> 0 | L70: =Jan!L70+Feb!L70+Mar!L70+Apr!L70+May!L70+June!L70+July!L70+Aug!L70+Sep!L70+Oct!L70+Nov!L70+Dec!L70 -> 0 | M70: =Jan!M70+Feb!M70+Mar!M70+Apr!M70+May!M70+June!M70+July!M70+Aug!M70+Sep!M70+Oct!M70+Nov!M70+Dec!M70 -> 0 | N70: =Jan!N70+Feb!N70+Mar!N70+Apr!N70+May!N70+June!N70+July!N70+Aug!N70+Sep!N70+Oct!N70+Nov!N70+Dec!N70 -> 630 | ... S70: =Jan!S70+Feb!S70+Mar!S70+Apr!S70+May!S70+June!S70+July!S70+Aug!S70+Sep!S70+Oct!S70+Nov!S70+Dec!S70 -> 0
E71: Seltos | G71: =Jan!G71+Feb!G71+Mar!G71+Apr!G71+May!G71+June!G71+July!G71+Aug!G71+Sep!G71+Oct!G71+Nov!G71+Dec!G71 -> 74779 | H71: =Jan!H71+Feb!H71+Mar!H71+Apr!H71+May!H71+June!H71+July!H71+Aug!H71+Sep!H71+Oct!H71+Nov!H71+Dec!H71 -> 0 | I71: =Jan!I71+Feb!I71+Mar!I71+Apr!I71+May!I71+June!I71+July!I71+Aug!I71+Sep!I71+Oct!I71+Nov!I71+Dec!I71 -> 0 | J71: =Jan!J71+Feb!J71+Mar!J71+Apr!J71+May!J71+June!J71+July!J71+Aug!J71+Sep!J71+Oct!J71+Nov!J71+Dec!J71 -> 0 | K71: =Jan!K71+Feb!K71+Mar!K71+Apr!K71+May!K71+June!K71+July!K71+Aug!K71+Sep!K71+Oct!K71+Nov!K71+Dec!K71 -> 0 | L71: =Jan!L71+Feb!L71+Mar!L71+Apr!L71+May!L71+June!L71+July!L71+Aug!L71+Sep!L71+Oct!L71+Nov!L71+Dec!L71 -> 0 | M71: =Jan!M71+Feb!M71+Mar!M71+Apr!M71+May!M71+June!M71+July!M71+Aug!M71+Sep!M71+Oct!M71+Nov!M71+Dec!M71 -> 0 | N71: =Jan!N71+Feb!N71+Mar!N71+Apr!N71+May!N71+June!N71+July!N71+Aug!N71+Sep!N71+Oct!N71+Nov!N71+Dec!N71 -> 1744 | ... S71: =Jan!S71+Feb!S71+Mar!S71+Apr!S71+May!S71+June!S71+July!S71+Aug!S71+Sep!S71+Oct!S71+Nov!S71+Dec!S71 -> 0
E72: Carens MPV | G72: =Jan!G72+Feb!G72+Mar!G72+Apr!G72+May!G72+June!G72+July!G72+Aug!G72+Sep!G72+Oct!G72+Nov!G72+Dec!G72 -> 80179 | H72: =Jan!H72+Feb!H72+Mar!H72+Apr!H72+May!H72+June!H72+July!H72+Aug!H72+Sep!H72+Oct!H72+Nov!H72+Dec!H72 -> 0 | I72: =Jan!I72+Feb!I72+Mar!I72+Apr!I72+May!I72+June!I72+July!I72+Aug!I72+Sep!I72+Oct!I72+Nov!I72+Dec!I72 -> 0 | J72: =Jan!J72+Feb!J72+Mar!J72+Apr!J72+May!J72+June!J72+July!J72+Aug!J72+Sep!J72+Oct!J72+Nov!J72+Dec!J72 -> 0 | K72: =Jan!K72+Feb!K72+Mar!K72+Apr!K72+May!K72+June!K72+July!K72+Aug!K72+Sep!K72+Oct!K72+Nov!K72+Dec!K72 -> 0 | L72: =Jan!L72+Feb!L72+Mar!L72+Apr!L72+May!L72+June!L72+July!L72+Aug!L72+Sep!L72+Oct!L72+Nov!L72+Dec!L72 -> 0 | M72: =Jan!M72+Feb!M72+Mar!M72+Apr!M72+May!M72+June!M72+July!M72+Aug!M72+Sep!M72+Oct!M72+Nov!M72+Dec!M72 -> 565 | N72: =Jan!N72+Feb!N72+Mar!N72+Apr!N72+May!N72+June!N72+July!N72+Aug!N72+Sep!N72+Oct!N72+Nov!N72+Dec!N72 -> 2289 | ... S72: =Jan!S72+Feb!S72+Mar!S72+Apr!S72+May!S72+June!S72+July!S72+Aug!S72+Sep!S72+Oct!S72+Nov!S72+Dec!S72 -> 0
E73: Carens MPV EV | G73: =Jan!G73+Feb!G73+Mar!G73+Apr!G73+May!G73+June!G73+July!G73+Aug!G73+Sep!G73+Oct!G73+Nov!G73+Dec!G73 -> 2862 | H73: =Jan!H73+Feb!H73+Mar!H73+Apr!H73+May!H73+June!H73+July!H73+Aug!H73+Sep!H73+Oct!H73+Nov!H73+Dec!H73 -> 0 | I73: =Jan!I73+Feb!I73+Mar!I73+Apr!I73+May!I73+June!I73+July!I73+Aug!I73+Sep!I73+Oct!I73+Nov!I73+Dec!I73 -> 0 | J73: =Jan!J73+Feb!J73+Mar!J73+Apr!J73+May!J73+June!J73+July!J73+Aug!J73+Sep!J73+Oct!J73+Nov!J73+Dec!J73 -> 0 | K73: =Jan!K73+Feb!K73+Mar!K73+Apr!K73+May!K73+June!K73+July!K73+Aug!K73+Sep!K73+Oct!K73+Nov!K73+Dec!K73 -> 0 | L73: =Jan!L73+Feb!L73+Mar!L73+Apr!L73+May!L73+June!L73+July!L73+Aug!L73+Sep!L73+Oct!L73+Nov!L73+Dec!L73 -> 0 | M73: =Jan!M73+Feb!M73+Mar!M73+Apr!M73+May!M73+June!M73+July!M73+Aug!M73+Sep!M73+Oct!M73+Nov!M73+Dec!M73 -> 0 | N73: =Jan!N73+Feb!N73+Mar!N73+Apr!N73+May!N73+June!N73+July!N73+Aug!N73+Sep!N73+Oct!N73+Nov!N73+Dec!N73 -> 0 | ... S73: =Jan!S73+Feb!S73+Mar!S73+Apr!S73+May!S73+June!S73+July!S73+Aug!S73+Sep!S73+Oct!S73+Nov!S73+Dec!S73 -> 0
E74: Carnival (CKD) | G74: =Jan!G74+Feb!G74+Mar!G74+Apr!G74+May!G74+June!G74+July!G74+Aug!G74+Sep!G74+Oct!G74+Nov!G74+Dec!G74 -> 1439 | H74: =Jan!H74+Feb!H74+Mar!H74+Apr!H74+May!H74+June!H74+July!H74+Aug!H74+Sep!H74+Oct!H74+Nov!H74+Dec!H74 -> 0 | I74: =Jan!I74+Feb!I74+Mar!I74+Apr!I74+May!I74+June!I74+July!I74+Aug!I74+Sep!I74+Oct!I74+Nov!I74+Dec!I74 -> 0 | J74: =Jan!J74+Feb!J74+Mar!J74+Apr!J74+May!J74+June!J74+July!J74+Aug!J74+Sep!J74+Oct!J74+Nov!J74+Dec!J74 -> 0 | K74: =Jan!K74+Feb!K74+Mar!K74+Apr!K74+May!K74+June!K74+July!K74+Aug!K74+Sep!K74+Oct!K74+Nov!K74+Dec!K74 -> 0 | L74: =Jan!L74+Feb!L74+Mar!L74+Apr!L74+May!L74+June!L74+July!L74+Aug!L74+Sep!L74+Oct!L74+Nov!L74+Dec!L74 -> 0 | M74: =Jan!M74+Feb!M74+Mar!M74+Apr!M74+May!M74+June!M74+July!M74+Aug!M74+Sep!M74+Oct!M74+Nov!M74+Dec!M74 -> 0 | N74: =Jan!N74+Feb!N74+Mar!N74+Apr!N74+May!N74+June!N74+July!N74+Aug!N74+Sep!N74+Oct!N74+Nov!N74+Dec!N74 -> 0 | ... S74: =Jan!S74+Feb!S74+Mar!S74+Apr!S74+May!S74+June!S74+July!S74+Aug!S74+Sep!S74+Oct!S74+Nov!S74+Dec!S74 -> 0
B75: India Plant | G75: =Jan!G75+Feb!G75+Mar!G75+Apr!G75+May!G75+June!G75+July!G75+Aug!G75+Sep!G75+Oct!G75+Nov!G75+Dec!G75 -> 304682 | H75: =Jan!H75+Feb!H75+Mar!H75+Apr!H75+May!H75+June!H75+July!H75+Aug!H75+Sep!H75+Oct!H75+Nov!H75+Dec!H75 -> 0 | I75: =Jan!I75+Feb!I75+Mar!I75+Apr!I75+May!I75+June!I75+July!I75+Aug!I75+Sep!I75+Oct!I75+Nov!I75+Dec!I75 -> 0 | J75: =Jan!J75+Feb!J75+Mar!J75+Apr!J75+May!J75+June!J75+July!J75+Aug!J75+Sep!J75+Oct!J75+Nov!J75+Dec!J75 -> 0 | K75: =Jan!K75+Feb!K75+Mar!K75+Apr!K75+May!K75+June!K75+July!K75+Aug!K75+Sep!K75+Oct!K75+Nov!K75+Dec!K75 -> 0 | L75: =Jan!L75+Feb!L75+Mar!L75+Apr!L75+May!L75+June!L75+July!L75+Aug!L75+Sep!L75+Oct!L75+Nov!L75+Dec!L75 -> 0 | M75: =Jan!M75+Feb!M75+Mar!M75+Apr!M75+May!M75+June!M75+July!M75+Aug!M75+Sep!M75+Oct!M75+Nov!M75+Dec!M75 -> 565 | N75: =Jan!N75+Feb!N75+Mar!N75+Apr!N75+May!N75+June!N75+July!N75+Aug!N75+Sep!N75+Oct!N75+Nov!N75+Dec!N75 -> 4663 | ... S75: =Jan!S75+Feb!S75+Mar!S75+Apr!S75+May!S75+June!S75+July!S75+Aug!S75+Sep!S75+Oct!S75+Nov!S75+Dec!S75 -> 0
E76: EV5 | G76: =Jan!G76+Feb!G76+Mar!G76+Apr!G76+May!G76+June!G76+July!G76+Aug!G76+Sep!G76+Oct!G76+Nov!G76+Dec!G76 -> 71 | H76: =Jan!H76+Feb!H76+Mar!H76+Apr!H76+May!H76+June!H76+July!H76+Aug!H76+Sep!H76+Oct!H76+Nov!H76+Dec!H76 -> 0 | I76: =Jan!I76+Feb!I76+Mar!I76+Apr!I76+May!I76+June!I76+July!I76+Aug!I76+Sep!I76+Oct!I76+Nov!I76+Dec!I76 -> 0 | J76: =Jan!J76+Feb!J76+Mar!J76+Apr!J76+May!J76+June!J76+July!J76+Aug!J76+Sep!J76+Oct!J76+Nov!J76+Dec!J76 -> 0 | K76: =Jan!K76+Feb!K76+Mar!K76+Apr!K76+May!K76+June!K76+July!K76+Aug!K76+Sep!K76+Oct!K76+Nov!K76+Dec!K76 -> 0 | L76: =Jan!L76+Feb!L76+Mar!L76+Apr!L76+May!L76+June!L76+July!L76+Aug!L76+Sep!L76+Oct!L76+Nov!L76+Dec!L76 -> 0 | M76: =Jan!M76+Feb!M76+Mar!M76+Apr!M76+May!M76+June!M76+July!M76+Aug!M76+Sep!M76+Oct!M76+Nov!M76+Dec!M76 -> 0 | N76: =Jan!N76+Feb!N76+Mar!N76+Apr!N76+May!N76+June!N76+July!N76+Aug!N76+Sep!N76+Oct!N76+Nov!N76+Dec!N76 -> 0 | ... S76: =Jan!S76+Feb!S76+Mar!S76+Apr!S76+May!S76+June!S76+July!S76+Aug!S76+Sep!S76+Oct!S76+Nov!S76+Dec!S76 -> 0
B77: HMGICs Plant | G77: =Jan!G77+Feb!G77+Mar!G77+Apr!G77+May!G77+June!G77+July!G77+Aug!G77+Sep!G77+Oct!G77+Nov!G77+Dec!G77 -> 71 | H77: =Jan!H77+Feb!H77+Mar!H77+Apr!H77+May!H77+June!H77+July!H77+Aug!H77+Sep!H77+Oct!H77+Nov!H77+Dec!H77 -> 0 | I77: =Jan!I77+Feb!I77+Mar!I77+Apr!I77+May!I77+June!I77+July!I77+Aug!I77+Sep!I77+Oct!I77+Nov!I77+Dec!I77 -> 0 | J77: =Jan!J77+Feb!J77+Mar!J77+Apr!J77+May!J77+June!J77+July!J77+Aug!J77+Sep!J77+Oct!J77+Nov!J77+Dec!J77 -> 0 | K77: =Jan!K77+Feb!K77+Mar!K77+Apr!K77+May!K77+June!K77+July!K77+Aug!K77+Sep!K77+Oct!K77+Nov!K77+Dec!K77 -> 0 | L77: =Jan!L77+Feb!L77+Mar!L77+Apr!L77+May!L77+June!L77+July!L77+Aug!L77+Sep!L77+Oct!L77+Nov!L77+Dec!L77 -> 0 | M77: =Jan!M77+Feb!M77+Mar!M77+Apr!M77+May!M77+June!M77+July!M77+Aug!M77+Sep!M77+Oct!M77+Nov!M77+Dec!M77 -> 0 | N77: =Jan!N77+Feb!N77+Mar!N77+Apr!N77+May!N77+June!N77+July!N77+Aug!N77+Sep!N77+Oct!N77+Nov!N77+Dec!N77 -> 0 | ... S77: =Jan!S77+Feb!S77+Mar!S77+Apr!S77+May!S77+June!S77+July!S77+Aug!S77+Sep!S77+Oct!S77+Nov!S77+Dec!S77 -> 0
E79: Morning / Picanto | G79: =Jan!G79+Feb!G79+Mar!G79+Apr!G79+May!G79+June!G79+July!G79+Aug!G79+Sep!G79+Oct!G79+Nov!G79+Dec!G79 -> 1550 | H79: =Jan!H79+Feb!H79+Mar!H79+Apr!H79+May!H79+June!H79+July!H79+Aug!H79+Sep!H79+Oct!H79+Nov!H79+Dec!H79 -> 0 | I79: =Jan!I79+Feb!I79+Mar!I79+Apr!I79+May!I79+June!I79+July!I79+Aug!I79+Sep!I79+Oct!I79+Nov!I79+Dec!I79 -> 0 | J79: =Jan!J79+Feb!J79+Mar!J79+Apr!J79+May!J79+June!J79+July!J79+Aug!J79+Sep!J79+Oct!J79+Nov!J79+Dec!J79 -> 0 | K79: =Jan!K79+Feb!K79+Mar!K79+Apr!K79+May!K79+June!K79+July!K79+Aug!K79+Sep!K79+Oct!K79+Nov!K79+Dec!K79 -> 0 | L79: =Jan!L79+Feb!L79+Mar!L79+Apr!L79+May!L79+June!L79+July!L79+Aug!L79+Sep!L79+Oct!L79+Nov!L79+Dec!L79 -> 0 | M79: =Jan!M79+Feb!M79+Mar!M79+Apr!M79+May!M79+June!M79+July!M79+Aug!M79+Sep!M79+Oct!M79+Nov!M79+Dec!M79 -> 0 | N79: =Jan!N79+Feb!N79+Mar!N79+Apr!N79+May!N79+June!N79+July!N79+Aug!N79+Sep!N79+Oct!N79+Nov!N79+Dec!N79 -> 0 | ... S79: =Jan!S79+Feb!S79+Mar!S79+Apr!S79+May!S79+June!S79+July!S79+Aug!S79+Sep!S79+Oct!S79+Nov!S79+Dec!S79 -> 0
E80: Pegas | G80: =Jan!G80+Feb!G80+Mar!G80+Apr!G80+May!G80+June!G80+July!G80+Aug!G80+Sep!G80+Oct!G80+Nov!G80+Dec!G80 -> 323 | H80: =Jan!H80+Feb!H80+Mar!H80+Apr!H80+May!H80+June!H80+July!H80+Aug!H80+Sep!H80+Oct!H80+Nov!H80+Dec!H80 -> 0 | I80: =Jan!I80+Feb!I80+Mar!I80+Apr!I80+May!I80+June!I80+July!I80+Aug!I80+Sep!I80+Oct!I80+Nov!I80+Dec!I80 -> 0 | J80: =Jan!J80+Feb!J80+Mar!J80+Apr!J80+May!J80+June!J80+July!J80+Aug!J80+Sep!J80+Oct!J80+Nov!J80+Dec!J80 -> 0 | K80: =Jan!K80+Feb!K80+Mar!K80+Apr!K80+May!K80+June!K80+July!K80+Aug!K80+Sep!K80+Oct!K80+Nov!K80+Dec!K80 -> 0 | L80: =Jan!L80+Feb!L80+Mar!L80+Apr!L80+May!L80+June!L80+July!L80+Aug!L80+Sep!L80+Oct!L80+Nov!L80+Dec!L80 -> 0 | M80: =Jan!M80+Feb!M80+Mar!M80+Apr!M80+May!M80+June!M80+July!M80+Aug!M80+Sep!M80+Oct!M80+Nov!M80+Dec!M80 -> 0 | N80: =Jan!N80+Feb!N80+Mar!N80+Apr!N80+May!N80+June!N80+July!N80+Aug!N80+Sep!N80+Oct!N80+Nov!N80+Dec!N80 -> 0 | ... S80: =Jan!S80+Feb!S80+Mar!S80+Apr!S80+May!S80+June!S80+July!S80+Aug!S80+Sep!S80+Oct!S80+Nov!S80+Dec!S80 -> 0
E81: K3 | G81: =Jan!G81+Feb!G81+Mar!G81+Apr!G81+May!G81+June!G81+July!G81+Aug!G81+Sep!G81+Oct!G81+Nov!G81+Dec!G81 -> 5067 | H81: =Jan!H81+Feb!H81+Mar!H81+Apr!H81+May!H81+June!H81+July!H81+Aug!H81+Sep!H81+Oct!H81+Nov!H81+Dec!H81 -> 0 | I81: =Jan!I81+Feb!I81+Mar!I81+Apr!I81+May!I81+June!I81+July!I81+Aug!I81+Sep!I81+Oct!I81+Nov!I81+Dec!I81 -> 0 | J81: =Jan!J81+Feb!J81+Mar!J81+Apr!J81+May!J81+June!J81+July!J81+Aug!J81+Sep!J81+Oct!J81+Nov!J81+Dec!J81 -> 0 | K81: =Jan!K81+Feb!K81+Mar!K81+Apr!K81+May!K81+June!K81+July!K81+Aug!K81+Sep!K81+Oct!K81+Nov!K81+Dec!K81 -> 0 | L81: =Jan!L81+Feb!L81+Mar!L81+Apr!L81+May!L81+June!L81+July!L81+Aug!L81+Sep!L81+Oct!L81+Nov!L81+Dec!L81 -> 0 | M81: =Jan!M81+Feb!M81+Mar!M81+Apr!M81+May!M81+June!M81+July!M81+Aug!M81+Sep!M81+Oct!M81+Nov!M81+Dec!M81 -> 3363 | N81: =Jan!N81+Feb!N81+Mar!N81+Apr!N81+May!N81+June!N81+July!N81+Aug!N81+Sep!N81+Oct!N81+Nov!N81+Dec!N81 -> 0 | ... S81: =Jan!S81+Feb!S81+Mar!S81+Apr!S81+May!S81+June!S81+July!S81+Aug!S81+Sep!S81+Oct!S81+Nov!S81+Dec!S81 -> 0
E82: K4 | G82: =Jan!G82+Feb!G82+Mar!G82+Apr!G82+May!G82+June!G82+July!G82+Aug!G82+Sep!G82+Oct!G82+Nov!G82+Dec!G82 -> 0 | H82: =Jan!H82+Feb!H82+Mar!H82+Apr!H82+May!H82+June!H82+July!H82+Aug!H82+Sep!H82+Oct!H82+Nov!H82+Dec!H82 -> 0 | I82: =Jan!I82+Feb!I82+Mar!I82+Apr!I82+May!I82+June!I82+July!I82+Aug!I82+Sep!I82+Oct!I82+Nov!I82+Dec!I82 -> 0 | J82: =Jan!J82+Feb!J82+Mar!J82+Apr!J82+May!J82+June!J82+July!J82+Aug!J82+Sep!J82+Oct!J82+Nov!J82+Dec!J82 -> 0 | K82: =Jan!K82+Feb!K82+Mar!K82+Apr!K82+May!K82+June!K82+July!K82+Aug!K82+Sep!K82+Oct!K82+Nov!K82+Dec!K82 -> 0 | L82: =Jan!L82+Feb!L82+Mar!L82+Apr!L82+May!L82+June!L82+July!L82+Aug!L82+Sep!L82+Oct!L82+Nov!L82+Dec!L82 -> 0 | M82: =Jan!M82+Feb!M82+Mar!M82+Apr!M82+May!M82+June!M82+July!M82+Aug!M82+Sep!M82+Oct!M82+Nov!M82+Dec!M82 -> 0 | N82: =Jan!N82+Feb!N82+Mar!N82+Apr!N82+May!N82+June!N82+July!N82+Aug!N82+Sep!N82+Oct!N82+Nov!N82+Dec!N82 -> 0 | ... S82: =Jan!S82+Feb!S82+Mar!S82+Apr!S82+May!S82+June!S82+July!S82+Aug!S82+Sep!S82+Oct!S82+Nov!S82+Dec!S82 -> 0
E83: K5 | G83: =Jan!G83+Feb!G83+Mar!G83+Apr!G83+May!G83+June!G83+July!G83+Aug!G83+Sep!G83+Oct!G83+Nov!G83+Dec!G83 -> 242 | H83: =Jan!H83+Feb!H83+Mar!H83+Apr!H83+May!H83+June!H83+July!H83+Aug!H83+Sep!H83+Oct!H83+Nov!H83+Dec!H83 -> 0 | I83: =Jan!I83+Feb!I83+Mar!I83+Apr!I83+May!I83+June!I83+July!I83+Aug!I83+Sep!I83+Oct!I83+Nov!I83+Dec!I83 -> 0 | J83: =Jan!J83+Feb!J83+Mar!J83+Apr!J83+May!J83+June!J83+July!J83+Aug!J83+Sep!J83+Oct!J83+Nov!J83+Dec!J83 -> 0 | K83: =Jan!K83+Feb!K83+Mar!K83+Apr!K83+May!K83+June!K83+July!K83+Aug!K83+Sep!K83+Oct!K83+Nov!K83+Dec!K83 -> 0 | L83: =Jan!L83+Feb!L83+Mar!L83+Apr!L83+May!L83+June!L83+July!L83+Aug!L83+Sep!L83+Oct!L83+Nov!L83+Dec!L83 -> 0 | M83: =Jan!M83+Feb!M83+Mar!M83+Apr!M83+May!M83+June!M83+July!M83+Aug!M83+Sep!M83+Oct!M83+Nov!M83+Dec!M83 -> 0 | N83: =Jan!N83+Feb!N83+Mar!N83+Apr!N83+May!N83+June!N83+July!N83+Aug!N83+Sep!N83+Oct!N83+Nov!N83+Dec!N83 -> 0 | ... S83: =Jan!S83+Feb!S83+Mar!S83+Apr!S83+May!S83+June!S83+July!S83+Aug!S83+Sep!S83+Oct!S83+Nov!S83+Dec!S83 -> 0
E84: K8 | G84: =Jan!G84+Feb!G84+Mar!G84+Apr!G84+May!G84+June!G84+July!G84+Aug!G84+Sep!G84+Oct!G84+Nov!G84+Dec!G84 -> 0 | H84: =Jan!H84+Feb!H84+Mar!H84+Apr!H84+May!H84+June!H84+July!H84+Aug!H84+Sep!H84+Oct!H84+Nov!H84+Dec!H84 -> 0 | I84: =Jan!I84+Feb!I84+Mar!I84+Apr!I84+May!I84+June!I84+July!I84+Aug!I84+Sep!I84+Oct!I84+Nov!I84+Dec!I84 -> 0 | J84: =Jan!J84+Feb!J84+Mar!J84+Apr!J84+May!J84+June!J84+July!J84+Aug!J84+Sep!J84+Oct!J84+Nov!J84+Dec!J84 -> 0 | K84: =Jan!K84+Feb!K84+Mar!K84+Apr!K84+May!K84+June!K84+July!K84+Aug!K84+Sep!K84+Oct!K84+Nov!K84+Dec!K84 -> 0 | L84: =Jan!L84+Feb!L84+Mar!L84+Apr!L84+May!L84+June!L84+July!L84+Aug!L84+Sep!L84+Oct!L84+Nov!L84+Dec!L84 -> 0 | M84: =Jan!M84+Feb!M84+Mar!M84+Apr!M84+May!M84+June!M84+July!M84+Aug!M84+Sep!M84+Oct!M84+Nov!M84+Dec!M84 -> 0 | N84: =Jan!N84+Feb!N84+Mar!N84+Apr!N84+May!N84+June!N84+July!N84+Aug!N84+Sep!N84+Oct!N84+Nov!N84+Dec!N84 -> 0 | ... S84: =Jan!S84+Feb!S84+Mar!S84+Apr!S84+May!S84+June!S84+July!S84+Aug!S84+Sep!S84+Oct!S84+Nov!S84+Dec!S84 -> 0
E85: Sonet | G85: =Jan!G85+Feb!G85+Mar!G85+Apr!G85+May!G85+June!G85+July!G85+Aug!G85+Sep!G85+Oct!G85+Nov!G85+Dec!G85 -> 27685 | H85: =Jan!H85+Feb!H85+Mar!H85+Apr!H85+May!H85+June!H85+July!H85+Aug!H85+Sep!H85+Oct!H85+Nov!H85+Dec!H85 -> 0 | I85: =Jan!I85+Feb!I85+Mar!I85+Apr!I85+May!I85+June!I85+July!I85+Aug!I85+Sep!I85+Oct!I85+Nov!I85+Dec!I85 -> 0 | J85: =Jan!J85+Feb!J85+Mar!J85+Apr!J85+May!J85+June!J85+July!J85+Aug!J85+Sep!J85+Oct!J85+Nov!J85+Dec!J85 -> 0 | K85: =Jan!K85+Feb!K85+Mar!K85+Apr!K85+May!K85+June!K85+July!K85+Aug!K85+Sep!K85+Oct!K85+Nov!K85+Dec!K85 -> 0 | L85: =Jan!L85+Feb!L85+Mar!L85+Apr!L85+May!L85+June!L85+July!L85+Aug!L85+Sep!L85+Oct!L85+Nov!L85+Dec!L85 -> 0 | M85: =Jan!M85+Feb!M85+Mar!M85+Apr!M85+May!M85+June!M85+July!M85+Aug!M85+Sep!M85+Oct!M85+Nov!M85+Dec!M85 -> 18298 | N85: =Jan!N85+Feb!N85+Mar!N85+Apr!N85+May!N85+June!N85+July!N85+Aug!N85+Sep!N85+Oct!N85+Nov!N85+Dec!N85 -> 3209 | ... S85: =Jan!S85+Feb!S85+Mar!S85+Apr!S85+May!S85+June!S85+July!S85+Aug!S85+Sep!S85+Oct!S85+Nov!S85+Dec!S85 -> 0
E86: Stonic | G86: =Jan!G86+Feb!G86+Mar!G86+Apr!G86+May!G86+June!G86+July!G86+Aug!G86+Sep!G86+Oct!G86+Nov!G86+Dec!G86 -> 3331 | H86: =Jan!H86+Feb!H86+Mar!H86+Apr!H86+May!H86+June!H86+July!H86+Aug!H86+Sep!H86+Oct!H86+Nov!H86+Dec!H86 -> 0 | I86: =Jan!I86+Feb!I86+Mar!I86+Apr!I86+May!I86+June!I86+July!I86+Aug!I86+Sep!I86+Oct!I86+Nov!I86+Dec!I86 -> 0 | J86: =Jan!J86+Feb!J86+Mar!J86+Apr!J86+May!J86+June!J86+July!J86+Aug!J86+Sep!J86+Oct!J86+Nov!J86+Dec!J86 -> 0 | K86: =Jan!K86+Feb!K86+Mar!K86+Apr!K86+May!K86+June!K86+July!K86+Aug!K86+Sep!K86+Oct!K86+Nov!K86+Dec!K86 -> 0 | L86: =Jan!L86+Feb!L86+Mar!L86+Apr!L86+May!L86+June!L86+July!L86+Aug!L86+Sep!L86+Oct!L86+Nov!L86+Dec!L86 -> 0 | M86: =Jan!M86+Feb!M86+Mar!M86+Apr!M86+May!M86+June!M86+July!M86+Aug!M86+Sep!M86+Oct!M86+Nov!M86+Dec!M86 -> 0 | N86: =Jan!N86+Feb!N86+Mar!N86+Apr!N86+May!N86+June!N86+July!N86+Aug!N86+Sep!N86+Oct!N86+Nov!N86+Dec!N86 -> 0 | ... S86: =Jan!S86+Feb!S86+Mar!S86+Apr!S86+May!S86+June!S86+July!S86+Aug!S86+Sep!S86+Oct!S86+Nov!S86+Dec!S86 -> 0
E87: Seltos | G87: =Jan!G87+Feb!G87+Mar!G87+Apr!G87+May!G87+June!G87+July!G87+Aug!G87+Sep!G87+Oct!G87+Nov!G87+Dec!G87 -> 6802 | H87: =Jan!H87+Feb!H87+Mar!H87+Apr!H87+May!H87+June!H87+July!H87+Aug!H87+Sep!H87+Oct!H87+Nov!H87+Dec!H87 -> 0 | I87: =Jan!I87+Feb!I87+Mar!I87+Apr!I87+May!I87+June!I87+July!I87+Aug!I87+Sep!I87+Oct!I87+Nov!I87+Dec!I87 -> 0 | J87: =Jan!J87+Feb!J87+Mar!J87+Apr!J87+May!J87+June!J87+July!J87+Aug!J87+Sep!J87+Oct!J87+Nov!J87+Dec!J87 -> 0 | K87: =Jan!K87+Feb!K87+Mar!K87+Apr!K87+May!K87+June!K87+July!K87+Aug!K87+Sep!K87+Oct!K87+Nov!K87+Dec!K87 -> 0 | L87: =Jan!L87+Feb!L87+Mar!L87+Apr!L87+May!L87+June!L87+July!L87+Aug!L87+Sep!L87+Oct!L87+Nov!L87+Dec!L87 -> 0 | M87: =Jan!M87+Feb!M87+Mar!M87+Apr!M87+May!M87+June!M87+July!M87+Aug!M87+Sep!M87+Oct!M87+Nov!M87+Dec!M87 -> 124 | N87: =Jan!N87+Feb!N87+Mar!N87+Apr!N87+May!N87+June!N87+July!N87+Aug!N87+Sep!N87+Oct!N87+Nov!N87+Dec!N87 -> 0 | ... S87: =Jan!S87+Feb!S87+Mar!S87+Apr!S87+May!S87+June!S87+July!S87+Aug!S87+Sep!S87+Oct!S87+Nov!S87+Dec!S87 -> 0
E88: Soul | G88: =Jan!G88+Feb!G88+Mar!G88+Apr!G88+May!G88+June!G88+July!G88+Aug!G88+Sep!G88+Oct!G88+Nov!G88+Dec!G88 -> 77 | H88: =Jan!H88+Feb!H88+Mar!H88+Apr!H88+May!H88+June!H88+July!H88+Aug!H88+Sep!H88+Oct!H88+Nov!H88+Dec!H88 -> 0 | I88: =Jan!I88+Feb!I88+Mar!I88+Apr!I88+May!I88+June!I88+July!I88+Aug!I88+Sep!I88+Oct!I88+Nov!I88+Dec!I88 -> 0 | J88: =Jan!J88+Feb!J88+Mar!J88+Apr!J88+May!J88+June!J88+July!J88+Aug!J88+Sep!J88+Oct!J88+Nov!J88+Dec!J88 -> 0 | K88: =Jan!K88+Feb!K88+Mar!K88+Apr!K88+May!K88+June!K88+July!K88+Aug!K88+Sep!K88+Oct!K88+Nov!K88+Dec!K88 -> 0 | L88: =Jan!L88+Feb!L88+Mar!L88+Apr!L88+May!L88+June!L88+July!L88+Aug!L88+Sep!L88+Oct!L88+Nov!L88+Dec!L88 -> 0 | M88: =Jan!M88+Feb!M88+Mar!M88+Apr!M88+May!M88+June!M88+July!M88+Aug!M88+Sep!M88+Oct!M88+Nov!M88+Dec!M88 -> 77 | N88: =Jan!N88+Feb!N88+Mar!N88+Apr!N88+May!N88+June!N88+July!N88+Aug!N88+Sep!N88+Oct!N88+Nov!N88+Dec!N88 -> 0 | ... S88: =Jan!S88+Feb!S88+Mar!S88+Apr!S88+May!S88+June!S88+July!S88+Aug!S88+Sep!S88+Oct!S88+Nov!S88+Dec!S88 -> 0
E89: Niro | G89: =Jan!G89+Feb!G89+Mar!G89+Apr!G89+May!G89+June!G89+July!G89+Aug!G89+Sep!G89+Oct!G89+Nov!G89+Dec!G89 -> 0 | H89: =Jan!H89+Feb!H89+Mar!H89+Apr!H89+May!H89+June!H89+July!H89+Aug!H89+Sep!H89+Oct!H89+Nov!H89+Dec!H89 -> 0 | I89: =Jan!I89+Feb!I89+Mar!I89+Apr!I89+May!I89+June!I89+July!I89+Aug!I89+Sep!I89+Oct!I89+Nov!I89+Dec!I89 -> 0 | J89: =Jan!J89+Feb!J89+Mar!J89+Apr!J89+May!J89+June!J89+July!J89+Aug!J89+Sep!J89+Oct!J89+Nov!J89+Dec!J89 -> 0 | K89: =Jan!K89+Feb!K89+Mar!K89+Apr!K89+May!K89+June!K89+July!K89+Aug!K89+Sep!K89+Oct!K89+Nov!K89+Dec!K89 -> 0 | L89: =Jan!L89+Feb!L89+Mar!L89+Apr!L89+May!L89+June!L89+July!L89+Aug!L89+Sep!L89+Oct!L89+Nov!L89+Dec!L89 -> 0 | M89: =Jan!M89+Feb!M89+Mar!M89+Apr!M89+May!M89+June!M89+July!M89+Aug!M89+Sep!M89+Oct!M89+Nov!M89+Dec!M89 -> 0 | N89: =Jan!N89+Feb!N89+Mar!N89+Apr!N89+May!N89+June!N89+July!N89+Aug!N89+Sep!N89+Oct!N89+Nov!N89+Dec!N89 -> 0 | ... S89: =Jan!S89+Feb!S89+Mar!S89+Apr!S89+May!S89+June!S89+July!S89+Aug!S89+Sep!S89+Oct!S89+Nov!S89+Dec!S89 -> 0
E90: EV6 | G90: =Jan!G90+Feb!G90+Mar!G90+Apr!G90+May!G90+June!G90+July!G90+Aug!G90+Sep!G90+Oct!G90+Nov!G90+Dec!G90 -> 0 | H90: =Jan!H90+Feb!H90+Mar!H90+Apr!H90+May!H90+June!H90+July!H90+Aug!H90+Sep!H90+Oct!H90+Nov!H90+Dec!H90 -> 0 | I90: =Jan!I90+Feb!I90+Mar!I90+Apr!I90+May!I90+June!I90+July!I90+Aug!I90+Sep!I90+Oct!I90+Nov!I90+Dec!I90 -> 0 | J90: =Jan!J90+Feb!J90+Mar!J90+Apr!J90+May!J90+June!J90+July!J90+Aug!J90+Sep!J90+Oct!J90+Nov!J90+Dec!J90 -> 0 | K90: =Jan!K90+Feb!K90+Mar!K90+Apr!K90+May!K90+June!K90+July!K90+Aug!K90+Sep!K90+Oct!K90+Nov!K90+Dec!K90 -> 0 | L90: =Jan!L90+Feb!L90+Mar!L90+Apr!L90+May!L90+June!L90+July!L90+Aug!L90+Sep!L90+Oct!L90+Nov!L90+Dec!L90 -> 0 | M90: =Jan!M90+Feb!M90+Mar!M90+Apr!M90+May!M90+June!M90+July!M90+Aug!M90+Sep!M90+Oct!M90+Nov!M90+Dec!M90 -> 0 | N90: =Jan!N90+Feb!N90+Mar!N90+Apr!N90+May!N90+June!N90+July!N90+Aug!N90+Sep!N90+Oct!N90+Nov!N90+Dec!N90 -> 0 | ... S90: =Jan!S90+Feb!S90+Mar!S90+Apr!S90+May!S90+June!S90+July!S90+Aug!S90+Sep!S90+Oct!S90+Nov!S90+Dec!S90 -> 0
... E97: Bongo | G97: =Jan!G97+Feb!G97+Mar!G97+Apr!G97+May!G97+June!G97+July!G97+Aug!G97+Sep!G97+Oct!G97+Nov!G97+Dec!G97 -> 13395 | H97: =Jan!H97+Feb!H97+Mar!H97+Apr!H97+May!H97+June!H97+July!H97+Aug!H97+Sep!H97+Oct!H97+Nov!H97+Dec!H97 -> 0 | I97: =Jan!I97+Feb!I97+Mar!I97+Apr!I97+May!I97+June!I97+July!I97+Aug!I97+Sep!I97+Oct!I97+Nov!I97+Dec!I97 -> 0 | J97: =Jan!J97+Feb!J97+Mar!J97+Apr!J97+May!J97+June!J97+July!J97+Aug!J97+Sep!J97+Oct!J97+Nov!J97+Dec!J97 -> 0 | K97: =Jan!K97+Feb!K97+Mar!K97+Apr!K97+May!K97+June!K97+July!K97+Aug!K97+Sep!K97+Oct!K97+Nov!K97+Dec!K97 -> 0 | L97: =Jan!L97+Feb!L97+Mar!L97+Apr!L97+May!L97+June!L97+July!L97+Aug!L97+Sep!L97+Oct!L97+Nov!L97+Dec!L97 -> 0 | M97: =Jan!M97+Feb!M97+Mar!M97+Apr!M97+May!M97+June!M97+July!M97+Aug!M97+Sep!M97+Oct!M97+Nov!M97+Dec!M97 -> 0 | N97: =Jan!N97+Feb!N97+Mar!N97+Apr!N97+May!N97+June!N97+July!N97+Aug!N97+Sep!N97+Oct!N97+Nov!N97+Dec!N97 -> 3009 | ... S97: =Jan!S97+Feb!S97+Mar!S97+Apr!S97+May!S97+June!S97+July!S97+Aug!S97+Sep!S97+Oct!S97+Nov!S97+Dec!S97 -> 0
B98: CKD | G98: =Jan!G98+Feb!G98+Mar!G98+Apr!G98+May!G98+June!G98+July!G98+Aug!G98+Sep!G98+Oct!G98+Nov!G98+Dec!G98 -> 87728 | H98: =Jan!H98+Feb!H98+Mar!H98+Apr!H98+May!H98+June!H98+July!H98+Aug!H98+Sep!H98+Oct!H98+Nov!H98+Dec!H98 -> 0 | I98: =Jan!I98+Feb!I98+Mar!I98+Apr!I98+May!I98+June!I98+July!I98+Aug!I98+Sep!I98+Oct!I98+Nov!I98+Dec!I98 -> 0 | J98: =Jan!J98+Feb!J98+Mar!J98+Apr!J98+May!J98+June!J98+July!J98+Aug!J98+Sep!J98+Oct!J98+Nov!J98+Dec!J98 -> 0 | K98: =Jan!K98+Feb!K98+Mar!K98+Apr!K98+May!K98+June!K98+July!K98+Aug!K98+Sep!K98+Oct!K98+Nov!K98+Dec!K98 -> 0 | L98: =Jan!L98+Feb!L98+Mar!L98+Apr!L98+May!L98+June!L98+July!L98+Aug!L98+Sep!L98+Oct!L98+Nov!L98+Dec!L98 -> 0 | M98: =Jan!M98+Feb!M98+Mar!M98+Apr!M98+May!M98+June!M98+July!M98+Aug!M98+Sep!M98+Oct!M98+Nov!M98+Dec!M98 -> 31361 | N98: =Jan!N98+Feb!N98+Mar!N98+Apr!N98+May!N98+June!N98+July!N98+Aug!N98+Sep!N98+Oct!N98+Nov!N98+Dec!N98 -> 6218 | ... S98: =Jan!S98+Feb!S98+Mar!S98+Apr!S98+May!S98+June!S98+July!S98+Aug!S98+Sep!S98+Oct!S98+Nov!S98+Dec!S98 -> 0
E100: Tasman | G100: =Jan!G100+Feb!G100+Mar!G100+Apr!G100+May!G100+June!G100+July!G100+Aug!G100+Sep!G100+Oct!G100+Nov!G100+Dec!G100 -> 25 | H100: =Jan!H100+Feb!H100+Mar!H100+Apr!H100+May!H100+June!H100+July!H100+Aug!H100+Sep!H100+Oct!H100+Nov!H100+Dec!H100 -> 0 | I100: =Jan!I100+Feb!I100+Mar!I100+Apr!I100+May!I100+June!I100+July!I100+Aug!I100+Sep!I100+Oct!I100+Nov!I100+Dec!I100 -> 0 | J100: =Jan!J100+Feb!J100+Mar!J100+Apr!J100+May!J100+June!J100+July!J100+Aug!J100+Sep!J100+Oct!J100+Nov!J100+Dec!J100 -> 0 | K100: =Jan!K100+Feb!K100+Mar!K100+Apr!K100+May!K100+June!K100+July!K100+Aug!K100+Sep!K100+Oct!K100+Nov!K100+Dec!K100 -> 0 | L100: =Jan!L100+Feb!L100+Mar!L100+Apr!L100+May!L100+June!L100+July!L100+Aug!L100+Sep!L100+Oct!L100+Nov!L100+Dec!L100 -> 1 | M100: =Jan!M100+Feb!M100+Mar!M100+Apr!M100+May!M100+June!M100+July!M100+Aug!M100+Sep!M100+Oct!M100+Nov!M100+Dec!M100 -> 0 | N100: =Jan!N100+Feb!N100+Mar!N100+Apr!N100+May!N100+June!N100+July!N100+Aug!N100+Sep!N100+Oct!N100+Nov!N100+Dec!N100 -> 0 | ... S100: =Jan!S100+Feb!S100+Mar!S100+Apr!S100+May!S100+June!S100+July!S100+Aug!S100+Sep!S100+Oct!S100+Nov!S100+Dec!S100 -> 0
E101: Bongo | G101: =Jan!G101+Feb!G101+Mar!G101+Apr!G101+May!G101+June!G101+July!G101+Aug!G101+Sep!G101+Oct!G101+Nov!G101+Dec!G101 -> 425 | H101: =Jan!H101+Feb!H101+Mar!H101+Apr!H101+May!H101+June!H101+July!H101+Aug!H101+Sep!H101+Oct!H101+Nov!H101+Dec!H101 -> 0 | I101: =Jan!I101+Feb!I101+Mar!I101+Apr!I101+May!I101+June!I101+July!I101+Aug!I101+Sep!I101+Oct!I101+Nov!I101+Dec!I101 -> 0 | J101: =Jan!J101+Feb!J101+Mar!J101+Apr!J101+May!J101+June!J101+July!J101+Aug!J101+Sep!J101+Oct!J101+Nov!J101+Dec!J101 -> 0 | K101: =Jan!K101+Feb!K101+Mar!K101+Apr!K101+May!K101+June!K101+July!K101+Aug!K101+Sep!K101+Oct!K101+Nov!K101+Dec!K101 -> 0 | L101: =Jan!L101+Feb!L101+Mar!L101+Apr!L101+May!L101+June!L101+July!L101+Aug!L101+Sep!L101+Oct!L101+Nov!L101+Dec!L101 -> 0 | M101: =Jan!M101+Feb!M101+Mar!M101+Apr!M101+May!M101+June!M101+July!M101+Aug!M101+Sep!M101+Oct!M101+Nov!M101+Dec!M101 -> 50 | N101: =Jan!N101+Feb!N101+Mar!N101+Apr!N101+May!N101+June!N101+July!N101+Aug!N101+Sep!N101+Oct!N101+Nov!N101+Dec!N101 -> 8 | ... S101: =Jan!S101+Feb!S101+Mar!S101+Apr!S101+May!S101+June!S101+July!S101+Aug!S101+Sep!S101+Oct!S101+Nov!S101+Dec!S101 -> 0
E102: Millitary | G102: =Jan!G102+Feb!G102+Mar!G102+Apr!G102+May!G102+June!G102+July!G102+Aug!G102+Sep!G102+Oct!G102+Nov!G102+Dec!G102 -> 2900 | H102: =Jan!H102+Feb!H102+Mar!H102+Apr!H102+May!H102+June!H102+July!H102+Aug!H102+Sep!H102+Oct!H102+Nov!H102+Dec!H102 -> 2429 | I102: =Jan!I102+Feb!I102+Mar!I102+Apr!I102+May!I102+June!I102+July!I102+Aug!I102+Sep!I102+Oct!I102+Nov!I102+Dec!I102 -> 0 | J102: =Jan!J102+Feb!J102+Mar!J102+Apr!J102+May!J102+June!J102+July!J102+Aug!J102+Sep!J102+Oct!J102+Nov!J102+Dec!J102 -> 0 | K102: =Jan!K102+Feb!K102+Mar!K102+Apr!K102+May!K102+June!K102+July!K102+Aug!K102+Sep!K102+Oct!K102+Nov!K102+Dec!K102 -> 0 | L102: =Jan!L102+Feb!L102+Mar!L102+Apr!L102+May!L102+June!L102+July!L102+Aug!L102+Sep!L102+Oct!L102+Nov!L102+Dec!L102 -> 76 | M102: =Jan!M102+Feb!M102+Mar!M102+Apr!M102+May!M102+June!M102+July!M102+Aug!M102+Sep!M102+Oct!M102+Nov!M102+Dec!M102 -> 3 | N102: =Jan!N102+Feb!N102+Mar!N102+Apr!N102+May!N102+June!N102+July!N102+Aug!N102+Sep!N102+Oct!N102+Nov!N102+Dec!N102 -> 34 | ... S102: =Jan!S102+Feb!S102+Mar!S102+Apr!S102+May!S102+June!S102+July!S102+Aug!S102+Sep!S102+Oct!S102+Nov!S102+Dec!S102 -> 0
E103: Bus | G103: =Jan!G103+Feb!G103+Mar!G103+Apr!G103+May!G103+June!G103+July!G103+Aug!G103+Sep!G103+Oct!G103+Nov!G103+Dec!G103 -> 0 | H103: =Jan!H103+Feb!H103+Mar!H103+Apr!H103+May!H103+June!H103+July!H103+Aug!H103+Sep!H103+Oct!H103+Nov!H103+Dec!H103 -> 0 | I103: =Jan!I103+Feb!I103+Mar!I103+Apr!I103+May!I103+June!I103+July!I103+Aug!I103+Sep!I103+Oct!I103+Nov!I103+Dec!I103 -> 0 | J103: =Jan!J103+Feb!J103+Mar!J103+Apr!J103+May!J103+June!J103+July!J103+Aug!J103+Sep!J103+Oct!J103+Nov!J103+Dec!J103 -> 0 | K103: =Jan!K103+Feb!K103+Mar!K103+Apr!K103+May!K103+June!K103+July!K103+Aug!K103+Sep!K103+Oct!K103+Nov!K103+Dec!K103 -> 0 | L103: =Jan!L103+Feb!L103+Mar!L103+Apr!L103+May!L103+June!L103+July!L103+Aug!L103+Sep!L103+Oct!L103+Nov!L103+Dec!L103 -> 0 | M103: =Jan!M103+Feb!M103+Mar!M103+Apr!M103+May!M103+June!M103+July!M103+Aug!M103+Sep!M103+Oct!M103+Nov!M103+Dec!M103 -> 0 | N103: =Jan!N103+Feb!N103+Mar!N103+Apr!N103+May!N103+June!N103+July!N103+Aug!N103+Sep!N103+Oct!N103+Nov!N103+Dec!N103 -> 0 | ... S103: =Jan!S103+Feb!S103+Mar!S103+Apr!S103+May!S103+June!S103+July!S103+Aug!S103+Sep!S103+Oct!S103+Nov!S103+Dec!S103 -> 0
E104: Tasman (CKD) | G104: =Jan!G104+Feb!G104+Mar!G104+Apr!G104+May!G104+June!G104+July!G104+Aug!G104+Sep!G104+Oct!G104+Nov!G104+Dec!G104 -> 0 | H104: =Jan!H104+Feb!H104+Mar!H104+Apr!H104+May!H104+June!H104+July!H104+Aug!H104+Sep!H104+Oct!H104+Nov!H104+Dec!H104 -> 0 | I104: =Jan!I104+Feb!I104+Mar!I104+Apr!I104+May!I104+June!I104+July!I104+Aug!I104+Sep!I104+Oct!I104+Nov!I104+Dec!I104 -> 0 | J104: =Jan!J104+Feb!J104+Mar!J104+Apr!J104+May!J104+June!J104+July!J104+Aug!J104+Sep!J104+Oct!J104+Nov!J104+Dec!J104 -> 0 | K104: =Jan!K104+Feb!K104+Mar!K104+Apr!K104+May!K104+June!K104+July!K104+Aug!K104+Sep!K104+Oct!K104+Nov!K104+Dec!K104 -> 0 | L104: =Jan!L104+Feb!L104+Mar!L104+Apr!L104+May!L104+June!L104+July!L104+Aug!L104+Sep!L104+Oct!L104+Nov!L104+Dec!L104 -> 0 | M104: =Jan!M104+Feb!M104+Mar!M104+Apr!M104+May!M104+June!M104+July!M104+Aug!M104+Sep!M104+Oct!M104+Nov!M104+Dec!M104 -> 0 | N104: =Jan!N104+Feb!N104+Mar!N104+Apr!N104+May!N104+June!N104+July!N104+Aug!N104+Sep!N104+Oct!N104+Nov!N104+Dec!N104 -> 0 | ... S104: =Jan!S104+Feb!S104+Mar!S104+Apr!S104+May!S104+June!S104+July!S104+Aug!S104+Sep!S104+Oct!S104+Nov!S104+Dec!S104 -> 0
E105: Bongo (CKD) | G105: =Jan!G105+Feb!G105+Mar!G105+Apr!G105+May!G105+June!G105+July!G105+Aug!G105+Sep!G105+Oct!G105+Nov!G105+Dec!G105 -> 1240 | H105: =Jan!H105+Feb!H105+Mar!H105+Apr!H105+May!H105+June!H105+July!H105+Aug!H105+Sep!H105+Oct!H105+Nov!H105+Dec!H105 -> 0 | I105: =Jan!I105+Feb!I105+Mar!I105+Apr!I105+May!I105+June!I105+July!I105+Aug!I105+Sep!I105+Oct!I105+Nov!I105+Dec!I105 -> 0 | J105: =Jan!J105+Feb!J105+Mar!J105+Apr!J105+May!J105+June!J105+July!J105+Aug!J105+Sep!J105+Oct!J105+Nov!J105+Dec!J105 -> 0 | K105: =Jan!K105+Feb!K105+Mar!K105+Apr!K105+May!K105+June!K105+July!K105+Aug!K105+Sep!K105+Oct!K105+Nov!K105+Dec!K105 -> 0 | L105: =Jan!L105+Feb!L105+Mar!L105+Apr!L105+May!L105+June!L105+July!L105+Aug!L105+Sep!L105+Oct!L105+Nov!L105+Dec!L105 -> 0 | M105: =Jan!M105+Feb!M105+Mar!M105+Apr!M105+May!M105+June!M105+July!M105+Aug!M105+Sep!M105+Oct!M105+Nov!M105+Dec!M105 -> 660 | N105: =Jan!N105+Feb!N105+Mar!N105+Apr!N105+May!N105+June!N105+July!N105+Aug!N105+Sep!N105+Oct!N105+Nov!N105+Dec!N105 -> 0 | ... S105: =Jan!S105+Feb!S105+Mar!S105+Apr!S105+May!S105+June!S105+July!S105+Aug!S105+Sep!S105+Oct!S105+Nov!S105+Dec!S105 -> 0
E106: Millitary (CKD) | G106: =Jan!G106+Feb!G106+Mar!G106+Apr!G106+May!G106+June!G106+July!G106+Aug!G106+Sep!G106+Oct!G106+Nov!G106+Dec!G106 -> 700 | H106: =Jan!H106+Feb!H106+Mar!H106+Apr!H106+May!H106+June!H106+July!H106+Aug!H106+Sep!H106+Oct!H106+Nov!H106+Dec!H106 -> 0 | I106: =Jan!I106+Feb!I106+Mar!I106+Apr!I106+May!I106+June!I106+July!I106+Aug!I106+Sep!I106+Oct!I106+Nov!I106+Dec!I106 -> 1 | J106: =Jan!J106+Feb!J106+Mar!J106+Apr!J106+May!J106+June!J106+July!J106+Aug!J106+Sep!J106+Oct!J106+Nov!J106+Dec!J106 -> 0 | K106: =Jan!K106+Feb!K106+Mar!K106+Apr!K106+May!K106+June!K106+July!K106+Aug!K106+Sep!K106+Oct!K106+Nov!K106+Dec!K106 -> 0 | L106: =Jan!L106+Feb!L106+Mar!L106+Apr!L106+May!L106+June!L106+July!L106+Aug!L106+Sep!L106+Oct!L106+Nov!L106+Dec!L106 -> 2 | M106: =Jan!M106+Feb!M106+Mar!M106+Apr!M106+May!M106+June!M106+July!M106+Aug!M106+Sep!M106+Oct!M106+Nov!M106+Dec!M106 -> 118 | N106: =Jan!N106+Feb!N106+Mar!N106+Apr!N106+May!N106+June!N106+July!N106+Aug!N106+Sep!N106+Oct!N106+Nov!N106+Dec!N106 -> 2 | ... S106: =Jan!S106+Feb!S106+Mar!S106+Apr!S106+May!S106+June!S106+July!S106+Aug!S106+Sep!S106+Oct!S106+Nov!S106+Dec!S106 -> 0
E107: Bus (CKD) | G107: =Jan!G107+Feb!G107+Mar!G107+Apr!G107+May!G107+June!G107+July!G107+Aug!G107+Sep!G107+Oct!G107+Nov!G107+Dec!G107 -> 327 | H107: =Jan!H107+Feb!H107+Mar!H107+Apr!H107+May!H107+June!H107+July!H107+Aug!H107+Sep!H107+Oct!H107+Nov!H107+Dec!H107 -> 0 | I107: =Jan!I107+Feb!I107+Mar!I107+Apr!I107+May!I107+June!I107+July!I107+Aug!I107+Sep!I107+Oct!I107+Nov!I107+Dec!I107 -> 0 | J107: =Jan!J107+Feb!J107+Mar!J107+Apr!J107+May!J107+June!J107+July!J107+Aug!J107+Sep!J107+Oct!J107+Nov!J107+Dec!J107 -> 0 | K107: =Jan!K107+Feb!K107+Mar!K107+Apr!K107+May!K107+June!K107+July!K107+Aug!K107+Sep!K107+Oct!K107+Nov!K107+Dec!K107 -> 0 | L107: =Jan!L107+Feb!L107+Mar!L107+Apr!L107+May!L107+June!L107+July!L107+Aug!L107+Sep!L107+Oct!L107+Nov!L107+Dec!L107 -> 0 | M107: =Jan!M107+Feb!M107+Mar!M107+Apr!M107+May!M107+June!M107+July!M107+Aug!M107+Sep!M107+Oct!M107+Nov!M107+Dec!M107 -> 0 | N107: =Jan!N107+Feb!N107+Mar!N107+Apr!N107+May!N107+June!N107+July!N107+Aug!N107+Sep!N107+Oct!N107+Nov!N107+Dec!N107 -> 0 | ... S107: =Jan!S107+Feb!S107+Mar!S107+Apr!S107+May!S107+June!S107+July!S107+Aug!S107+Sep!S107+Oct!S107+Nov!S107+Dec!S107 -> 0
B108: Special Vehicle | G108: =Jan!G108+Feb!G108+Mar!G108+Apr!G108+May!G108+June!G108+July!G108+Aug!G108+Sep!G108+Oct!G108+Nov!G108+Dec!G108 -> 5617 | H108: =Jan!H108+Feb!H108+Mar!H108+Apr!H108+May!H108+June!H108+July!H108+Aug!H108+Sep!H108+Oct!H108+Nov!H108+Dec!H108 -> 2429 | I108: =Jan!I108+Feb!I108+Mar!I108+Apr!I108+May!I108+June!I108+July!I108+Aug!I108+Sep!I108+Oct!I108+Nov!I108+Dec!I108 -> 1 | J108: =Jan!J108+Feb!J108+Mar!J108+Apr!J108+May!J108+June!J108+July!J108+Aug!J108+Sep!J108+Oct!J108+Nov!J108+Dec!J108 -> 0 | K108: =Jan!K108+Feb!K108+Mar!K108+Apr!K108+May!K108+June!K108+July!K108+Aug!K108+Sep!K108+Oct!K108+Nov!K108+Dec!K108 -> 0 | L108: =Jan!L108+Feb!L108+Mar!L108+Apr!L108+May!L108+June!L108+July!L108+Aug!L108+Sep!L108+Oct!L108+Nov!L108+Dec!L108 -> 79 | M108: =Jan!M108+Feb!M108+Mar!M108+Apr!M108+May!M108+June!M108+July!M108+Aug!M108+Sep!M108+Oct!M108+Nov!M108+Dec!M108 -> 831 | N108: =Jan!N108+Feb!N108+Mar!N108+Apr!N108+May!N108+June!N108+July!N108+Aug!N108+Sep!N108+Oct!N108+Nov!N108+Dec!N108 -> 44 | ... S108: =Jan!S108+Feb!S108+Mar!S108+Apr!S108+May!S108+June!S108+July!S108+Aug!S108+Sep!S108+Oct!S108+Nov!S108+Dec!S108 -> 0
B110: Total | G110: =Jan!G110+Feb!G110+Mar!G110+Apr!G110+May!G110+June!G110+July!G110+Aug!G110+Sep!G110+Oct!G110+Nov!G110+Dec!G110 -> 3096594 | H110: =Jan!H110+Feb!H110+Mar!H110+Apr!H110+May!H110+June!H110+July!H110+Aug!H110+Sep!H110+Oct!H110+Nov!H110+Dec!H110 -> 548205 | I110: =Jan!I110+Feb!I110+Mar!I110+Apr!I110+May!I110+June!I110+July!I110+Aug!I110+Sep!I110+Oct!I110+Nov!I110+Dec!I110 -> 852156 | J110: =Jan!J110+Feb!J110+Mar!J110+Apr!J110+May!J110+June!J110+July!J110+Aug!J110+Sep!J110+Oct!J110+Nov!J110+Dec!J110 -> 94622 | K110: =Jan!K110+Feb!K110+Mar!K110+Apr!K110+May!K110+June!K110+July!K110+Aug!K110+Sep!K110+Oct!K110+Nov!K110+Dec!K110 -> 111172 | L110: =Jan!L110+Feb!L110+Mar!L110+Apr!L110+May!L110+June!L110+July!L110+Aug!L110+Sep!L110+Oct!L110+Nov!L110+Dec!L110 -> 507597 | M110: =Jan!M110+Feb!M110+Mar!M110+Apr!M110+May!M110+June!M110+July!M110+Aug!M110+Sep!M110+Oct!M110+Nov!M110+Dec!M110 -> 79351 | N110: =Jan!N110+Feb!N110+Mar!N110+Apr!N110+May!N110+June!N110+July!N110+Aug!N110+Sep!N110+Oct!N110+Nov!N110+Dec!N110 -> 146675 | ... S110: =Jan!S110+Feb!S110+Mar!S110+Apr!S110+May!S110+June!S110+July!S110+Aug!S110+Sep!S110+Oct!S110+Nov!S110+Dec!S110 -> 81182
E111: BEV Total | G111: =Jan!G111+Feb!G111+Mar!G111+Apr!G111+May!G111+June!G111+July!G111+Aug!G111+Sep!G111+Oct!G111+Nov!G111+Dec!G111 -> 238482 | H111: =Jan!H111+Feb!H111+Mar!H111+Apr!H111+May!H111+June!H111+July!H111+Aug!H111+Sep!H111+Oct!H111+Nov!H111+Dec!H111 -> 60820 | I111: =Jan!I111+Feb!I111+Mar!I111+Apr!I111+May!I111+June!I111+July!I111+Aug!I111+Sep!I111+Oct!I111+Nov!I111+Dec!I111 -> 34164 | J111: =Jan!J111+Feb!J111+Mar!J111+Apr!J111+May!J111+June!J111+July!J111+Aug!J111+Sep!J111+Oct!J111+Nov!J111+Dec!J111 -> 8632 | K111: =Jan!K111+Feb!K111+Mar!K111+Apr!K111+May!K111+June!K111+July!K111+Aug!K111+Sep!K111+Oct!K111+Nov!K111+Dec!K111 -> 102 | L111: =Jan!L111+Feb!L111+Mar!L111+Apr!L111+May!L111+June!L111+July!L111+Aug!L111+Sep!L111+Oct!L111+Nov!L111+Dec!L111 -> 105848 | M111: =Jan!M111+Feb!M111+Mar!M111+Apr!M111+May!M111+June!M111+July!M111+Aug!M111+Sep!M111+Oct!M111+Nov!M111+Dec!M111 -> 9397 | N111: =Jan!N111+Feb!N111+Mar!N111+Apr!N111+May!N111+June!N111+July!N111+Aug!N111+Sep!N111+Oct!N111+Nov!N111+Dec!N111 -> 1948 | ... S111: =Jan!S111+Feb!S111+Mar!S111+Apr!S111+May!S111+June!S111+July!S111+Aug!S111+Sep!S111+Oct!S111+Nov!S111+Dec!S111 -> 3215
B112: * Russia Plant : Hyundai Motor Manufacturing Russia

Sheet Jan
Q1: Jan. 2025, Kia IR
B2: ]
B3: Retail Sales by Country_2025 | S3: (Units, %)
B4: Model / Plant | G4: Total | H4: Korea | I4: U.S.A | J4: Canada | K4: Mexico | L4: *Europe | M4: Eastern Europe | N4: Latin America | O4: Middle East | P4: Africa | Q4: Asia Pacific | R4: India | S4: China
E6: Morning / Picanto | G6: 11876 | H6: 1484 | I6: 0 | L6: 6380 | M6: 82 | N6: 1440 | O6: 1290 | P6: 515 | Q6: 685 | R6: 0 | S6: 0
E7: Pride / Rio | G7: 1 | H7: 0 | I7: 0 | L7: 0 | M7: 0 | N7: 0 | O7: 0 | P7: 0 | Q7: 1 | R7: 0 | S7: 0
E8: Ray | G8: 3803 | H8: 3803 | I8: 0 | L8: 0 | M8: 0 | N8: 0 | Q8: 0 | R8: 0 | S8: 0
E9: Ray EV | G9: 73 | H9: 73 | I9: 0 | L9: 0 | M9: 0 | N9: 0 | Q9: 0 | R9: 0 | S9: 0
E10: K3 | G10: 687 | H10: 0 | I10: 0 | J10: 5 | K10: 2 | L10: 0 | M10: 15 | N10: 5 | O10: 181 | P10: 70 | Q10: 409 | R10: 0 | S10: 0
E11: K5 | G11: 7790 | H11: 2583 | I11: 4358 | J11: 0 | K11: 0 | L11: 0 | M11: 10 | N11: 15 | O11: 824 | P11: 0 | Q11: 0 | R11: 0 | S11: 0
E12: Stinger | G12: 0 | H12: 0 | I12: 0 | J12: 0 | K12: 0 | L12: 0 | M12: 0 | N12: 0 | O12: 0 | P12: 0 | Q12: 0 | R12: 0 | S12: 0
E13: K8 | G13: 2348 | H13: 2297 | I13: 0 | J13: 0 | K13: 0 | L13: 0 | M13: 15 | N13: 0 | O13: 36 | P13: 0 | Q13: 0 | R13: 0 | S13: 0
E14: K9 | G14: 125 | H14: 123 | I14: 0 | J14: 0 | K14: 0 | L14: 0 | M14: 2 | N14: 0 | O14: 0 | P14: 0 | Q14: 0 | R14: 0 | S14: 0
E15: Stonic | G15: 6006 | H15: 0 | I15: 0 | L15: 4531 | M15: 141 | N15: 117 | O15: 340 | P15: 129 | Q15: 748 | R15: 0 | S15: 0
E16: Seltos | G16: 10210 | H16: 4342 | I16: 2840 | J16: 1076 | K16: 0 | L16: 0 | M16: 110 | N16: 521 | O16: 496 | P16: 0 | Q16: 825 | R16: 0 | S16: 0
E17: Soul | G17: 4011 | H17: 0 | I17: 3554 | J17: 132 | K17: 6 | L17: 0 | M17: 8 | N17: 303 | O17: 0 | P17: 0 | Q17: 8 | R17: 0 | S17: 0
E18: Soul EV | G18: 5 | H18: 0 | I18: 0 | J18: 0 | K18: 0 | L18: 5 | M18: 0 | N18: 0 | O18: 0 | P18: 0 | Q18: 0 | R18: 0 | S18: 0
E19: Niro | G19: 6148 | H19: 560 | I19: 960 | J19: 217 | K19: 91 | L19: 3089 | M19: 12 | N19: 236 | O19: 790 | P19: 72 | Q19: 121 | R19: 0 | S19: 0
E20: Niro EV | G20: 1050 | H20: 11 | I20: 242 | J20: 82 | K20: 0 | L20: 691 | M20: 4 | N20: 1 | O20: 0 | P20: 3 | Q20: 16 | R20: 0 | S20: 0
E21: Niro Plus | G21: 1 | H21: 0 | I21: 0 | L21: 0 | M21: 0 | N21: 0 | O21: 0 | P21: 0 | Q21: 1 | R21: 0 | S21: 0
E22: Niro Plus EV | G22: 0 | H22: 0 | I22: 0 | L22: 0 | M22: 0 | N22: 0 | O22: 0 | P22: 0 | Q22: 0 | R22: 0 | S22: 0
E23: EV3 | G23: 5544 | H23: 429 | I23: 0 | L23: 5006 | M23: 109 | N23: 0 | O23: 0 | P23: 0 | Q23: 0 | R23: 0 | S23: 0
E24: EV4 | G24: 0 | H24: 0 | I24: 0 | J24: 0 | K24: 0 | L24: 0 | M24: 0 | N24: 0 | O24: 0 | P24: 0 | Q24: 0 | R24: 0 | S24: 0
E25: EV5 | G25: 0 | H25: 0 | I25: 0 | L25: 0 | N25: 0 | O25: 0 | P25: 0 | Q25: 0 | R25: 0 | S25: 0
E26: EV6 | G26: 3486 | H26: 72 | I26: 1542 | J26: 268 | K26: 12 | L26: 1464 | M26: 2 | N26: 4 | O26: 5 | P26: 2 | Q26: 77 | R26: 34 | S26: 4
E27: EV9 | G27: 1795 | H27: 37 | I27: 588 | J27: 308 | K27: 0 | L27: 778 | M27: 12 | N27: 10 | O27: 11 | P27: 4 | Q27: 47 | R27: 0 | S27: 0
E28: Sportage | G28: 15378 | H28: 6547 | I28: 3948 | J28: 1109 | K28: 499 | L28: 0 | M28: 310 | N28: 601 | O28: 0 | P28: 0 | Q28: 2364 | R28: 0 | S28: 0
E29: Sorento | G29: 13433 | H29: 7454 | I29: 1627 | J29: 211 | K29: 0 | L29: 1127 | M29: 232 | N29: 176 | O29: 1716 | P29: 62 | Q29: 828 | R29: 0 | S29: 0
E30: Mohave | G30: 43 | H30: 0 | I30: 0 | L30: 0 | M30: 43 | N30: 0 | Q30: 0 | R30: 0 | S30: 0
E31: Carnival | G31: 11481 | H31: 6068 | I31: 3665 | J31: 337 | K31: 0 | L31: 0 | M31: 12 | N31: 100 | O31: 405 | P31: 24 | Q31: 870 | R31: 0 | S31: 0
E32: Tasman | G32: 0 | H32: 0 | I32: 0 | L32: 0 | N32: 0 | O32: 0 | P32: 0 | Q32: 0 | R32: 0 | S32: 0
E33: Bongo | G33: 4831 | H33: 2419 | I33: 0 | L33: 0 | M33: 10 | N33: 851 | O33: 1297 | P33: 117 | Q33: 137 | R33: 0 | S33: 0
E34: Bongo EV | G34: 0 | H34: 0 | I34: 0 | L34: 0 | M34: 0 | N34: 0 | O34: 0 | P34: 0 | Q34: 0 | R34: 0 | S34: 0
E35: Bus | G35: 101 | H35: 101 | I35: 0 | L35: 0 | M35: 0 | N35: 0 | O35: 0 | P35: 0 | Q35: 0 | R35: 0 | S35: 0
E36: PV5 | G36: 0 | H36: 0 | I36: 0 | L36: 0 | N36: 0 | O36: 0 | P36: 0 | Q36: 0 | R36: 0 | S36: 0
B37: Korea Plants | G37: 110226 | H37: 38403 | I37: 23324 | J37: 3745 | K37: 610 | L37: 23071 | M37: 1129 | N37: 4380 | O37: 7391 | P37: 998 | Q37: 7137 | R37: 34 | S37: 4
E38: Optima / K5 | G38: -1 | H38: 0 | I38: -1 | J38: 0 | K38: 0 | L38: 0 | M38: 0 | N38: 0 | O38: 0 | P38: 0 | Q38: 0 | R38: 0 | S38: 0
E39: Sportage | G39: 7427 | H39: 0 | I39: 7409 | J39: 0 | K39: 0 | L39: 0 | M39: 0 | N39: 18 | Q39: 0 | R39: 0 | S39: 0
E40: Sorento | G40: 6330 | H40: 0 | I40: 5244 | J40: 806 | K40: 231 | L40: 0 | M40: 0 | N40: 49 | O40: 0 | P40: 0 | Q40: 0 | R40: 0 | S40: 0
E41: Telluride | G41: 9104 | H41: 0 | I41: 8771 | J41: 215 | K41: 57 | L41: 0 | N41: 8 | O41: 49 | P41: 0 | Q41: 4 | R41: 0 | S41: 0
E42: EV6 | G42: 0 | H42: 0 | I42: 0 | J42: 0 | K42: 0 | L42: 0 | M42: 0 | N42: 0 | Q42: 0 | R42: 0 | S42: 0
E43: EV9 | G43: 646 | H43: 0 | I43: 644 | J43: 0 | K43: 0 | L43: 0 | M43: 0 | N43: 2 | O43: 0 | P43: 0 | Q43: 0 | R43: 0 | S43: 0
B44: U.S. Plant | G44: 23506 | H44: 0 | I44: 22067 | J44: 1021 | K44: 288 | L44: 0 | M44: 0 | N44: 77 | O44: 49 | P44: 0 | Q44: 4 | R44: 0 | S44: 0
E45: EV2 | G45: 0 | H45: 0 | I45: 0 | L45: 0 | N45: 0 | O45: 0 | P45: 0 | Q45: 0 | R45: 0 | S45: 0
E46: EV4 | G46: 0 | H46: 0 | I46: 0 | L46: 0 | N46: 0 | O46: 0 | P46: 0 | Q46: 0 | R46: 0 | S46: 0
E47: Cee'd | G47: 5565 | H47: 0 | I47: 0 | J47: 0 | K47: 0 | L47: 5441 | M47: 120 | N47: 0 | O47: 0 | P47: 4 | Q47: 0 | R47: 0 | S47: 0
E48: Cee'd CUV | G48: 2122 | H48: 0 | I48: 0 | J48: 0 | K48: 0 | L48: 1922 | M48: 85 | N48: 17 | O48: 0 | P48: 98 | Q48: 0 | R48: 0 | S48: 0
E49: Sportage | G49: 15645 | H49: 0 | I49: 0 | J49: 0 | K49: 0 | L49: 11356 | M49: 1170 | N49: 359 | O49: 1980 | P49: 780 | Q49: 0 | R49: 0 | S49: 0
B50: Slovakia Plant | G50: 23332 | H50: 0 | I50: 0 | J50: 0 | K50: 0 | L50: 18719 | M50: 1375 | N50: 376 | O50: 1980 | P50: 882 | Q50: 0 | R50: 0 | S50: 0
E51: Rio (Pride) | G51: 2 | H51: 0 | I51: 0 | J51: 1 | K51: 0 | L51: 0 | M51: 0 | N51: 0 | O51: 0 | P51: 1 | Q51: 0 | R51: 0 | S51: 0
E52: K3 | G52: 5939 | H52: 0 | I52: 206 | J52: 5 | K52: 4003 | L52: 0 | M52: 0 | N52: 1053 | O52: 672 | P52: 0 | Q52: 0 | R52: 0 | S52: 0
E53: K4 | G53: 13913 | H53: 0 | I53: 11410 | J53: 986 | K53: 1299 | L53: 0 | M53: 0 | N53: 56 | O53: 0 | P53: 0 | Q53: 162 | R53: 0 | S53: 0
B54: Mexico Plant | G54: 19854 | H54: 0 | I54: 11616 | J54: 992 | K54: 5302 | L54: 0 | M54: 0 | N54: 1109 | O54: 672 | P54: 1 | Q54: 162 | R54: 0 | S54: 0
E55: Rio (Pride) | G55: 0 | H55: 0 | I55: 0 | L55: 0 | M55: 0 | N55: 0 | Q55: 0 | R55: 0 | S55: 0
B56: *Russia Plant (HMMR) | G56: 0 | H56: 0 | I56: 0 | J56: 0 | K56: 0 | L56: 0 | M56: 0 | N56: 0 | O56: 0 | P56: 0 | Q56: 0 | R56: 0 | S56: 0
E57: Pegas | G57: 4288 | H57: 0 | I57: 0 | L57: 0 | M57: 0 | N57: 1456 | O57: 2602 | P57: 103 | Q57: 122 | R57: 0 | S57: 5
E58: Forte | G58: 1468 | H58: 0 | I58: 0 | L58: 0 | M58: 0 | N58: 0 | Q58: 0 | R58: 0 | S58: 1468
E59: K3 | G59: 671 | H59: 0 | I59: 0 | J59: 0 | K59: 0 | L59: 0 | M59: 0 | N59: 0 | O59: 0 | P59: 0 | Q59: 0 | R59: 0 | S59: 671
E60: K5 | G60: 489 | H60: 0 | I60: 0 | L60: 0 | M60: 275 | N60: 0 | Q60: 0 | R60: 0 | S60: 214
E61: KX1 | G61: 800 | H61: 0 | I61: 0 | L61: 0 | M61: 0 | N61: 0 | Q61: 2 | R61: 0 | S61: 798
E62: Sonet | G62: 3149 | H62: 0 | I62: 0 | J62: 0 | K62: 1104 | L62: 0 | M62: 0 | N62: 1036 | O62: 434 | P62: 45 | Q62: 511 | R62: 0 | S62: 19
E63: KX3 / Seltos | G63: 4161 | H63: 0 | I63: 0 | J63: 0 | K63: 1301 | L63: 0 | M63: 0 | N63: 669 | O63: 1097 | P63: 180 | Q63: 74 | R63: 0 | S63: 840
E64: Zhipao | G64: 121 | H64: 0 | I64: 0 | L64: 0 | M64: 0 | N64: 0 | Q64: 0 | R64: 0 | S64: 121
E65: Sportage | G65: 2603 | H65: 0 | I65: 0 | J65: 0 | K65: 0 | L65: 0 | M65: 0 | N65: 0 | O65: 1748 | P65: 0 | Q65: 0 | R65: 0 | S65: 855
E66: Carnival | G66: 110 | H66: 0 | I66: 0 | L66: 0 | M66: 0 | N66: 0 | O66: 0 | P66: 0 | Q66: 0 | R66: 0 | S66: 110
E67: EV5 | G67: 577 | H67: 0 | I67: 0 | L67: 0 | M67: 0 | N67: 104 | O67: 3 | P67: 5 | Q67: 362 | R67: 0 | S67: 103
B68: China Plants | G68: 18437 | H68: 0 | I68: 0 | J68: 0 | K68: 2405 | L68: 0 | M68: 275 | N68: 3265 | O68: 5884 | P68: 333 | Q68: 1071 | R68: 0 | S68: 5204
E69: Syros | G69: 0 | H69: 0 | I69: 0 | J69: 0 | K69: 0 | L69: 0 | M69: 0 | N69: 0 | O69: 0 | P69: 0 | Q69: 0 | R69: 0 | S69: 0
E70: Sonet | G70: 10529 | H70: 0 | I70: 0 | L70: 0 | M70: 0 | N70: 52 | O70: 0 | P70: 919 | Q70: 86 | R70: 9472 | S70: 0
E71: Seltos | G71: 5354 | H71: 0 | I71: 0 | J71: 0 | K71: 0 | L71: 0 | M71: 0 | N71: 148 | O71: 0 | P71: 138 | Q71: 106 | R71: 4962 | S71: 0
E72: Carens MPV | G72: 6652 | H72: 0 | I72: 0 | L72: 0 | M72: 47 | N72: 153 | O72: 241 | P72: 25 | Q72: 21 | R72: 6165 | S72: 0
E73: Carens MPV EV | G73: 0 | H73: 0 | I73: 0 | L73: 0 | M73: 0 | N73: 0 | O73: 0 | P73: 0 | Q73: 0 | R73: 0 | S73: 0
E74: Carnival (CKD) | G74: 194 | H74: 0 | I74: 0 | L74: 0 | M74: 0 | N74: 0 | O74: 0 | P74: 0 | Q74: 0 | R74: 194 | S74: 0
B75: India Plant | G75: 22729 | H75: 0 | I75: 0 | J75: 0 | K75: 0 | L75: 0 | M75: 47 | N75: 353 | O75: 241 | P75: 1082 | Q75: 213 | R75: 20793 | S75: 0
E76: EV5 | G76: 0 | H76: 0 | I76: 0 | L76: 0 | M76: 0 | N76: 0 | Q76: 0 | R76: 0 | S76: 0
B77: HMGICs Plant | G77: 0 | H77: 0 | I77: 0 | J77: 0 | K77: 0 | L77: 0 | M77: 0 | N77: 0 | O77: 0 | P77: 0 | Q77: 0 | R77: 0 | S77: 0
E79: Morning / Picanto | G79: 299 | H79: 0 | I79: 0 | L79: 0 | M79: 0 | N79: 0 | O79: 266 | P79: 0 | Q79: 33 | R79: 0 | S79: 0
E80: Pegas | G80: 18 | H80: 0 | I80: 0 | L80: 0 | M80: 0 | N80: 0 | Q80: 18 | R80: 0 | S80: 0
E81: K3 | G81: 376 | H81: 0 | I81: 0 | L81: 0 | M81: 248 | N81: 0 | Q81: 128 | R81: 0 | S81: 0
E82: K4 | G82: 0 | H82: 0 | I82: 0 | L82: 0 | M82: 0 | N82: 0 | Q82: 0 | R82: 0 | S82: 0
E83: K5 | G83: 8 | H83: 0 | I83: 0 | L83: 0 | M83: 0 | N83: 0 | Q83: 8 | R83: 0 | S83: 0
E84: K8 | G84: 0 | H84: 0 | I84: 0 | J84: 0 | K84: 0 | L84: 0 | M84: 0 | N84: 0 | O84: 0 | P84: 0 | Q84: 0 | R84: 0 | S84: 0
E85: Sonet | G85: 1706 | H85: 0 | I85: 0 | L85: 0 | M85: 1150 | N85: 143 | Q85: 413 | R85: 0 | S85: 0
E86: Stonic | G86: 124 | H86: 0 | I86: 0 | L86: 0 | M86: 0 | N86: 0 | O86: 124 | P86: 0 | Q86: 0 | R86: 0 | S86: 0
E87: Seltos | G87: 450 | H87: 0 | I87: 0 | L87: 0 | M87: 11 | N87: 0 | Q87: 439 | R87: 0 | S87: 0
E88: Soul | G88: 0 | H88: 0 | I88: 0 | L88: 0 | M88: 0 | N88: 0 | Q88: 0 | R88: 0 | S88: 0
E89: Niro | G89: 0 | H89: 0 | I89: 0 | J89: 0 | K89: 0 | L89: 0 | M89: 0 | N89: 0 | O89: 0 | P89: 0 | Q89: 0 | R89: 0 | S89: 0
E90: EV6 | G90: 0 | H90: 0 | I90: 0 | L90: 0 | M90: 0 | N90: 0 | Q90: 0 | R90: 0 | S90: 0
E91: EV9 | G91: 0 | H91: 0 | I91: 0 | L91: 0 | M91: 0 | N91: 0 | Q91: 0 | R91: 0 | S91: 0
E92: Sportage | G92: 921 | H92: 0 | I92: 0 | J92: 0 | K92: 0 | L92: 0 | M92: 600 | N92: 0 | O92: 116 | P92: 0 | Q92: 205 | R92: 0 | S92: 0
E93: Sorento | G93: 72 | H93: 0 | I93: 0 | J93: 0 | K93: 0 | L93: 0 | M93: 0 | N93: 0 | O93: 24 | P93: 0 | Q93: 48 | R93: 0 | S93: 0
E94: Carens MPV | G94: 213 | H94: 0 | I94: 0 | L94: 0 | M94: 0 | N94: 0 | Q94: 213 | R94: 0 | S94: 0
E95: Carnival | G95: 433 | H95: 0 | I95: 0 | J95: 0 | K95: 0 | L95: 0 | M95: 0 | N95: 0 | O95: 0 | P95: 0 | Q95: 433 | R95: 0 | S95: 0
E96: Tasman | G96: 0 | H96: 0 | I96: 0 | L96: 0 | M96: 0 | N96: 0 | Q96: 0 | R96: 0 | S96: 0
E97: Bongo | G97: 470 | H97: 0 | I97: 0 | L97: 0 | M97: 0 | N97: 109 | Q97: 361 | R97: 0 | S97: 0
B98: CKD | G98: 5090 | H98: 0 | I98: 0 | J98: 0 | K98: 0 | L98: 0 | M98: 2009 | N98: 252 | O98: 530 | P98: 0 | Q98: 2299 | R98: 0 | S98: 0
E100: Tasman | G100: 0 | H100: 0 | I100: 0 | L100: 0 | M100: 0 | N100: 0 | O100: 0 | P100: 0 | Q100: 0 | R100: 0 | S100: 0
E101: Bongo | G101: 32 | H101: 0 | I101: 0 | L101: 0 | M101: 30 | N101: 0 | O101: 0 | P101: 0 | Q101: 2 | R101: 0 | S101: 0
E102: Millitary | G102: 9 | H102: 9 | I102: 0 | J102: 0 | K102: 0 | L102: 0 | M102: 0 | N102: 0 | O102: 0 | P102: 0 | Q102: 0 | R102: 0 | S102: 0
E103: Bus | G103: 0 | H103: 0 | I103: 0 | L103: 0 | M103: 0 | N103: 0 | O103: 0 | P103: 0 | Q103: 0 | R103: 0 | S103: 0
...

Sheet Feb
Q1: Feb. 2025, Kia IR
B2: ]
B3: Retail Sales by Country_2025 | S3: (Units, %)
B4: Model / Plant | G4: Total | H4: Korea | I4: U.S.A | J4: Canada | K4: Mexico | L4: *Europe | M4: Eastern Europe | N4: Latin America | O4: Middle East | P4: Africa | Q4: Asia Pacific | R4: India | S4: China
E6: Morning / Picanto | G6: 8145 | H6: 765 | I6: 0 | L6: 3591 | M6: 62 | N6: 1379 | O6: 1265 | P6: 528 | Q6: 555 | R6: 0 | S6: 0
E7: Pride / Rio | G7: 0 | H7: 0 | I7: 0 | L7: 0 | M7: 0 | N7: 0 | O7: 0 | P7: 0 | Q7: 0 | R7: 0 | S7: 0
E8: Ray | G8: 3774 | H8: 3774 | I8: 0 | L8: 0 | M8: 0 | N8: 0 | Q8: 0 | R8: 0 | S8: 0
E9: Ray EV | G9: 513 | H9: 513 | I9: 0 | L9: 0 | M9: 0 | N9: 0 | Q9: 0 | R9: 0 | S9: 0
E10: K3 | G10: 509 | H10: 0 | I10: 0 | J10: 2 | K10: 1 | L10: 0 | M10: 24 | N10: 3 | O10: 113 | P10: 65 | Q10: 301 | R10: 0 | S10: 0
E11: K5 | G11: 7898 | H11: 2503 | I11: 4990 | J11: 0 | K11: 0 | L11: 0 | M11: 0 | N11: 11 | O11: 393 | P11: 0 | Q11: 1 | R11: 0 | S11: 0
E12: Stinger | G12: 0 | H12: 0 | I12: 0 | J12: 0 | K12: 0 | L12: 0 | M12: 0 | N12: 0 | O12: 0 | P12: 0 | Q12: 0 | R12: 0 | S12: 0
E13: K8 | G13: 2522 | H13: 2457 | I13: 0 | J13: 0 | K13: 0 | L13: 0 | M13: 26 | N13: 0 | O13: 39 | P13: 0 | Q13: 0 | R13: 0 | S13: 0
E14: K9 | G14: 169 | H14: 164 | I14: 0 | J14: 0 | K14: 0 | L14: 0 | M14: 5 | N14: 0 | O14: 0 | P14: 0 | Q14: 0 | R14: 0 | S14: 0
E15: Stonic | G15: 6351 | H15: 0 | I15: 0 | L15: 4646 | M15: 179 | N15: 175 | O15: 319 | P15: 298 | Q15: 734 | R15: 0 | S15: 0
E16: Seltos | G16: 11642 | H16: 4764 | I16: 3707 | J16: 1180 | K16: 0 | L16: 0 | M16: 35 | N16: 588 | O16: 180 | P16: 0 | Q16: 1188 | R16: 0 | S16: 0
E17: Soul | G17: 4572 | H17: 0 | I17: 4006 | J17: 250 | K17: 12 | L17: 0 | M17: 12 | N17: 287 | O17: 0 | P17: 0 | Q17: 5 | R17: 0 | S17: 0
E18: Soul EV | G18: 5 | H18: 0 | I18: 0 | J18: 0 | K18: 0 | L18: 4 | M18: 0 | N18: 1 | O18: 0 | P18: 0 | Q18: 0 | R18: 0 | S18: 0
E19: Niro | G19: 6889 | H19: 800 | I19: 1147 | J19: 272 | K19: 78 | L19: 2859 | M19: 2 | N19: 227 | O19: 1266 | P19: 85 | Q19: 153 | R19: 0 | S19: 0
E20: Niro EV | G20: 1152 | H20: 53 | I20: 338 | J20: 87 | K20: 0 | L20: 631 | M20: 5 | N20: 4 | O20: 0 | P20: 4 | Q20: 30 | R20: 0 | S20: 0
E21: Niro Plus | G21: 0 | H21: 0 | I21: 0 | L21: 0 | M21: 0 | N21: 0 | O21: 0 | P21: 0 | Q21: 0 | R21: 0 | S21: 0
E22: Niro Plus EV | G22: 1 | H22: 1 | I22: 0 | L22: 0 | M22: 0 | N22: 0 | O22: 0 | P22: 0 | Q22: 0 | R22: 0 | S22: 0
E23: EV3 | G23: 7865 | H23: 2257 | I23: 0 | L23: 5063 | M23: 540 | N23: 0 | O23: 0 | P23: 5 | Q23: 0 | R23: 0 | S23: 0
E24: EV4 | G24: 0 | H24: 0 | I24: 0 | J24: 0 | K24: 0 | L24: 0 | M24: 0 | N24: 0 | O24: 0 | P24: 0 | Q24: 0 | R24: 0 | S24: 0
E25: EV5 | G25: 0 | H25: 0 | I25: 0 | L25: 0 | M25: 0 | N25: 0 | O25: 0 | P25: 0 | Q25: 0 | R25: 0 | S25: 0
E26: EV6 | G26: 4023 | H26: 1100 | I26: 1275 | J26: 65 | K26: 5 | L26: 1324 | M26: 148 | N26: 5 | O26: 12 | P26: 8 | Q26: 67 | R26: 13 | S26: 1
E27: EV9 | G27: 1601 | H27: 88 | I27: 599 | J27: 160 | K27: 0 | L27: 650 | M27: 22 | N27: 8 | O27: 15 | P27: 5 | Q27: 54 | R27: 0 | S27: 0
E28: Sportage | G28: 16047 | H28: 6568 | I28: 4431 | J28: 1373 | K28: 536 | L28: 0 | M28: 314 | N28: 421 | O28: 6 | P28: 0 | Q28: 2398 | R28: 0 | S28: 0
E29: Sorento | G29: 15326 | H29: 9067 | I29: 1759 | J29: 204 | K29: 0 | L29: 961 | M29: 142 | N29: 162 | O29: 1781 | P29: 83 | Q29: 1167 | R29: 0 | S29: 0
E30: Mohave | G30: 2 | H30: 0 | I30: 0 | L30: 0 | M30: 2 | N30: 0 | Q30: 0 | R30: 0 | S30: 0
E31: Carnival | G31: 14825 | H31: 7734 | I31: 4440 | J31: 548 | K31: 0 | L31: 0 | M31: 18 | N31: 102 | O31: 354 | P31: 9 | Q31: 1620 | R31: 0 | S31: 0
E32: Tasman | G32: 0 | H32: 0 | I32: 0 | L32: 0 | M32: 0 | N32: 0 | O32: 0 | P32: 0 | Q32: 0 | R32: 0 | S32: 0
E33: Bongo | G33: 5423 | H33: 2627 | I33: 0 | L33: 0 | M33: 53 | N33: 907 | O33: 1373 | P33: 209 | Q33: 254 | R33: 0 | S33: 0
E34: Bongo EV | G34: 654 | H34: 654 | I34: 0 | L34: 0 | M34: 0 | N34: 0 | O34: 0 | P34: 0 | Q34: 0 | R34: 0 | S34: 0
E35: Bus | G35: 114 | H35: 114 | I35: 0 | L35: 0 | M35: 0 | N35: 0 | O35: 0 | P35: 0 | Q35: 0 | R35: 0 | S35: 0
E36: PV5 | G36: 0 | H36: 0 | I36: 0 | L36: 0 | M36: 0 | N36: 0 | O36: 0 | P36: 0 | Q36: 0 | R36: 0 | S36: 0
B37: Korea Plants | G37: 120022 | H37: 46003 | I37: 26692 | J37: 4141 | K37: 632 | L37: 19729 | M37: 1589 | N37: 4280 | O37: 7116 | P37: 1299 | Q37: 8527 | R37: 13 | S37: 1
E38: Optima / K5 | G38: 1 | H38: 0 | I38: 1 | J38: 0 | K38: 0 | L38: 0 | M38: 0 | N38: 0 | O38: 0 | P38: 0 | Q38: 0 | R38: 0 | S38: 0
E39: Sportage | G39: 8663 | H39: 0 | I39: 8641 | J39: 0 | K39: 0 | L39: 0 | M39: 0 | N39: 22 | Q39: 0 | R39: 0 | S39: 0
E40: Sorento | G40: 6886 | H40: 0 | I40: 5940 | J40: 741 | K40: 166 | L40: 0 | M40: 0 | N40: 39 | O40: 0 | P40: 0 | Q40: 0 | R40: 0 | S40: 0
E41: Telluride | G41: 9963 | H41: 0 | I41: 9599 | J41: 244 | K41: 43 | L41: 0 | M41: 0 | N41: 15 | O41: 61 | P41: 0 | Q41: 1 | R41: 0 | S41: 0
E42: EV6 | G42: 0 | H42: 0 | I42: 0 | J42: 0 | K42: 0 | L42: 0 | M42: 0 | N42: 0 | Q42: 0 | R42: 0 | S42: 0
E43: EV9 | G43: 761 | H43: 0 | I43: 761 | J43: 0 | K43: 0 | L43: 0 | M43: 0 | N43: 0 | O43: 0 | P43: 0 | Q43: 0 | R43: 0 | S43: 0
B44: U.S. Plant | G44: 26274 | H44: 0 | I44: 24942 | J44: 985 | K44: 209 | L44: 0 | M44: 0 | N44: 76 | O44: 61 | P44: 0 | Q44: 1 | R44: 0 | S44: 0
E45: EV2 | G45: 0
E46: EV4 | G46: 0 | H46: 0 | I46: 0 | L46: 0 | M46: 0 | N46: 0 | O46: 0 | P46: 0 | Q46: 0 | R46: 0 | S46: 0
E47: Cee'd | G47: 5544 | H47: 0 | I47: 0 | J47: 0 | K47: 0 | L47: 5308 | M47: 231 | N47: 1 | O47: 0 | P47: 4 | Q47: 0 | R47: 0 | S47: 0
E48: Cee'd CUV | G48: 1933 | H48: 0 | I48: 0 | J48: 0 | K48: 0 | L48: 1579 | M48: 188 | N48: 5 | O48: 0 | P48: 161 | Q48: 0 | R48: 0 | S48: 0
E49: Sportage | G49: 12903 | H49: 0 | I49: 0 | J49: 0 | K49: 0 | L49: 9485 | M49: 717 | N49: 403 | O49: 1587 | P49: 711 | Q49: 0 | R49: 0 | S49: 0
B50: Slovakia Plant | G50: 20380 | H50: 0 | I50: 0 | J50: 0 | K50: 0 | L50: 16372 | M50: 1136 | N50: 409 | O50: 1587 | P50: 876 | Q50: 0 | R50: 0 | S50: 0
E51: Rio (Pride) | G51: 2 | H51: 0 | I51: 0 | J51: 0 | K51: 0 | L51: 0 | M51: 0 | N51: 2 | O51: 0 | P51: 0 | Q51: 0 | R51: 0 | S51: 0
E52: K3 | G52: 6589 | H52: 0 | I52: 149 | J52: 6 | K52: 4614 | L52: 0 | M52: 0 | N52: 1106 | O52: 713 | P52: 0 | Q52: 1 | R52: 0 | S52: 0
E53: K4 | G53: 14068 | H53: 0 | I53: 11520 | J53: 872 | K53: 1286 | L53: 0 | M53: 0 | N53: 196 | O53: 0 | P53: 0 | Q53: 194 | R53: 0 | S53: 0
B54: Mexico Plant | G54: 20659 | H54: 0 | I54: 11669 | J54: 878 | K54: 5900 | L54: 0 | M54: 0 | N54: 1304 | O54: 713 | P54: 0 | Q54: 195 | R54: 0 | S54: 0
E55: Rio (Pride) | G55: 0 | H55: 0 | I55: 0 | L55: 0 | M55: 0 | N55: 0 | Q55: 0 | R55: 0 | S55: 0
B56: *Russia Plant (HMMR) | G56: 0 | H56: 0 | I56: 0 | J56: 0 | K56: 0 | L56: 0 | M56: 0 | N56: 0 | O56: 0 | P56: 0 | Q56: 0 | R56: 0 | S56: 0
E57: Pegas | G57: 5445 | H57: 0 | I57: 0 | L57: 0 | M57: 0 | N57: 1725 | O57: 3543 | P57: 40 | Q57: 131 | R57: 0 | S57: 6
E58: Forte | G58: 666 | H58: 0 | I58: 0 | L58: 0 | M58: 0 | N58: 0 | Q58: 0 | R58: 0 | S58: 666
E59: K3 | G59: 529 | H59: 0 | I59: 0 | J59: 0 | K59: 0 | L59: 0 | M59: 0 | N59: 0 | O59: 0 | P59: 0 | Q59: 0 | R59: 0 | S59: 529
E60: K5 | G60: 497 | H60: 0 | I60: 0 | L60: 0 | M60: 318 | N60: 0 | Q60: 0 | R60: 0 | S60: 179
E61: KX1 | G61: 1918 | H61: 0 | I61: 0 | L61: 0 | M61: 0 | N61: 0 | Q61: 0 | R61: 0 | S61: 1918
E62: Sonet | G62: 3064 | H62: 0 | I62: 0 | J62: 0 | K62: 977 | L62: 0 | M62: 0 | N62: 976 | O62: 439 | P62: 36 | Q62: 617 | R62: 0 | S62: 19
E63: KX3 / Seltos | G63: 3528 | H63: 0 | I63: 0 | J63: 0 | K63: 1184 | L63: 0 | M63: 0 | N63: 710 | O63: 839 | P63: 64 | Q63: 72 | R63: 0 | S63: 659
E64: Zhipao | G64: 145 | H64: 0 | I64: 0 | L64: 0 | M64: 0 | N64: 0 | Q64: 0 | R64: 0 | S64: 145
E65: Sportage | G65: 1368 | H65: 0 | I65: 0 | J65: 0 | K65: 0 | L65: 0 | M65: 0 | N65: 0 | O65: 839 | P65: 0 | Q65: 0 | R65: 0 | S65: 529
E66: Carnival | G66: 83 | H66: 0 | I66: 0 | L66: 0 | M66: 0 | N66: 0 | O66: 0 | P66: 0 | Q66: 0 | R66: 0 | S66: 83
E67: EV5 | G67: 1118 | H67: 0 | I67: 0 | L67: 0 | M67: 0 | N67: 155 | O67: 15 | P67: 0 | Q67: 479 | R67: 0 | S67: 469
B68: China Plants | G68: 18361 | H68: 0 | I68: 0 | J68: 0 | K68: 2161 | L68: 0 | M68: 318 | N68: 3566 | O68: 5675 | P68: 140 | Q68: 1299 | R68: 0 | S68: 5202
E69: Syros | G69: 5298 | H69: 0 | I69: 0 | J69: 0 | K69: 0 | L69: 0 | M69: 0 | N69: 0 | O69: 0 | P69: 0 | Q69: 0 | R69: 5298 | S69: 0
E70: Sonet | G70: 7839 | H70: 0 | I70: 0 | L70: 0 | M70: 0 | N70: 68 | O70: 0 | P70: 847 | Q70: 79 | R70: 6845 | S70: 0
E71: Seltos | G71: 5549 | H71: 0 | I71: 0 | J71: 0 | K71: 0 | L71: 0 | M71: 0 | N71: 148 | O71: 0 | P71: 155 | Q71: 67 | R71: 5179 | S71: 0
E72: Carens MPV | G72: 5718 | H72: 0 | I72: 0 | L72: 0 | M72: 47 | N72: 206 | O72: 190 | P72: 25 | Q72: 19 | R72: 5231 | S72: 0
E73: Carens MPV EV | G73: 0 | H73: 0 | I73: 0 | L73: 0 | M73: 0 | N73: 0 | O73: 0 | P73: 0 | Q73: 0 | R73: 0 | S73: 0
E74: Carnival (CKD) | G74: 210 | H74: 0 | I74: 0 | L74: 0 | M74: 0 | N74: 0 | O74: 0 | P74: 0 | Q74: 0 | R74: 210 | S74: 0
B75: India Plant | G75: 24614 | H75: 0 | I75: 0 | J75: 0 | K75: 0 | L75: 0 | M75: 47 | N75: 422 | O75: 190 | P75: 1027 | Q75: 165 | R75: 22763 | S75: 0
E76: EV5 | G76: 0 | H76: 0 | I76: 0 | L76: 0 | M76: 0 | N76: 0 | Q76: 0 | R76: 0 | S76: 0
B77: HMGICs Plant | G77: 0 | H77: 0 | I77: 0 | J77: 0 | K77: 0 | L77: 0 | M77: 0 | N77: 0 | O77: 0 | P77: 0 | Q77: 0 | R77: 0 | S77: 0
E79: Morning / Picanto | G79: 295 | H79: 0 | I79: 0 | L79: 0 | M79: 0 | N79: 0 | O79: 257 | P79: 0 | Q79: 38 | R79: 0 | S79: 0
E80: Pegas | G80: 18 | H80: 0 | I80: 0 | L80: 0 | M80: 0 | N80: 0 | Q80: 18 | R80: 0 | S80: 0
E81: K3 | G81: 354 | H81: 0 | I81: 0 | L81: 0 | M81: 218 | N81: 0 | Q81: 136 | R81: 0 | S81: 0
E82: K4 | G82: 0 | H82: 0 | I82: 0 | L82: 0 | M82: 0 | N82: 0 | Q82: 0 | R82: 0 | S82: 0
E83: K5 | G83: 9 | H83: 0 | I83: 0 | L83: 0 | M83: 0 | N83: 0 | Q83: 9 | R83: 0 | S83: 0
E84: K8 | G84: 0 | H84: 0 | I84: 0 | J84: 0 | K84: 0 | L84: 0 | M84: 0 | N84: 0 | O84: 0 | P84: 0 | Q84: 0 | R84: 0 | S84: 0
E85: Sonet | G85: 1853 | H85: 0 | I85: 0 | L85: 0 | M85: 1257 | N85: 224 | Q85: 372 | R85: 0 | S85: 0
E86: Stonic | G86: 192 | H86: 0 | I86: 0 | L86: 0 | M86: 0 | N86: 0 | O86: 192 | P86: 0 | Q86: 0 | R86: 0 | S86: 0
E87: Seltos | G87: 385 | H87: 0 | I87: 0 | L87: 0 | M87: 45 | N87: 0 | Q87: 340 | R87: 0 | S87: 0
E88: Soul | G88: 0 | H88: 0 | I88: 0 | L88: 0 | M88: 0 | N88: 0 | Q88: 0 | R88: 0 | S88: 0
E89: Niro | G89: 0 | H89: 0 | I89: 0 | J89: 0 | K89: 0 | L89: 0 | M89: 0 | N89: 0 | O89: 0 | P89: 0 | Q89: 0 | R89: 0 | S89: 0
E90: EV6 | G90: 0 | H90: 0 | I90: 0 | L90: 0 | M90: 0 | N90: 0 | Q90: 0 | R90: 0 | S90: 0
E91: EV9 | G91: 0 | H91: 0 | I91: 0 | L91: 0 | M91: 0 | N91: 0 | Q91: 0 | R91: 0 | S91: 0
E92: Sportage | G92: 1037 | H92: 0 | I92: 0 | J92: 0 | K92: 0 | L92: 0 | M92: 711 | N92: 0 | O92: 144 | P92: 0 | Q92: 182 | R92: 0 | S92: 0
E93: Sorento | G93: 105 | H93: 0 | I93: 0 | J93: 0 | K93: 0 | L93: 0 | M93: 0 | N93: 0 | O93: 30 | P93: 0 | Q93: 75 | R93: 0 | S93: 0
E94: Carens MPV | G94: 250 | H94: 0 | I94: 0 | L94: 0 | M94: 0 | N94: 0 | Q94: 250 | R94: 0 | S94: 0
E95: Carnival | G95: 460 | H95: 0 | I95: 0 | J95: 0 | K95: 0 | L95: 0 | M95: 0 | N95: 0 | O95: 0 | P95: 0 | Q95: 460 | R95: 0 | S95: 0
E96: Tasman | G96: 0 | H96: 0 | I96: 0 | L96: 0 | M96: 0 | N96: 0 | Q96: 0 | R96: 0 | S96: 0
E97: Bongo | G97: 916 | H97: 0 | I97: 0 | L97: 0 | M97: 0 | N97: 181 | Q97: 735 | R97: 0 | S97: 0
B98: CKD | G98: 5874 | H98: 0 | I98: 0 | J98: 0 | K98: 0 | L98: 0 | M98: 2231 | N98: 405 | O98: 623 | P98: 0 | Q98: 2615 | R98: 0 | S98: 0
E100: Tasman | G100: 0 | H100: 0 | I100: 0 | L100: 0 | M100: 0 | N100: 0 | O100: 0 | P100: 0 | Q100: 0 | R100: 0 | S100: 0
E101: Bongo | G101: 17 | H101: 0 | I101: 0 | L101: 0 | M101: 10 | N101: 0 | O101: 0 | P101: 0 | Q101: 7 | R101: 0 | S101: 0
E102: Millitary | G102: 115 | H102: 44 | I102: 0 | J102: 0 | K102: 0 | L102: 21 | M102: 0 | N102: 0 | O102: 0 | P102: 50 | Q102: 0 | R102: 0 | S102: 0
E103: Bus | G103: 0 | H103: 0 | I103: 0 | L103: 0 | M103: 0 | N103: 0 | O103: 0 | P103: 0 | Q103: 0 | R103: 0 | S103: 0
...

Sheet Mar
Q1: Mar. 2025, Kia IR
B2: ]
B3: Retail Sales by Country_2025 | S3: (Units, %)
B4: Model / Plant | G4: Total | H4: Korea | I4: U.S.A | J4: Canada | K4: Mexico | L4: *Europe | M4: Eastern Europe | N4: Latin America | O4: Middle East | P4: Africa | Q4: Asia Pacific | R4: India | S4: China
E6: Morning / Picanto | G6: 11145 | H6: 579 | I6: 0 | L6: 6327 | M6: 121 | N6: 1511 | O6: 1091 | P6: 634 | Q6: 882 | R6: 0 | S6: 0
E7: Pride / Rio | G7: 0 | H7: 0 | I7: 0 | L7: 0 | M7: 0 | N7: 0 | O7: 0 | P7: 0 | Q7: 0 | R7: 0 | S7: 0
E8: Ray | G8: 3375 | H8: 3375 | I8: 0 | L8: 0 | M8: 0 | N8: 0 | Q8: 0 | R8: 0 | S8: 0
E9: Ray EV | G9: 1209 | H9: 1209 | I9: 0 | L9: 0 | M9: 0 | N9: 0 | Q9: 0 | R9: 0 | S9: 0
E10: K3 | G10: 397 | H10: 0 | I10: 0 | J10: 2 | K10: 0 | L10: 0 | M10: 13 | N10: 6 | O10: 84 | P10: 65 | Q10: 227 | R10: 0 | S10: 0
E11: K5 | G11: 10130 | H11: 2863 | I11: 6399 | J11: 0 | K11: 0 | L11: 0 | M11: 1 | N11: 14 | O11: 853 | P11: 0 | Q11: 0 | R11: 0 | S11: 0
E12: Stinger | G12: 1 | H12: 0 | I12: 0 | J12: 0 | K12: 0 | L12: 0 | M12: 0 | N12: 0 | O12: 0 | P12: 1 | Q12: 0 | R12: 0 | S12: 0
E13: K8 | G13: 2807 | H13: 2704 | I13: 0 | J13: 0 | K13: 0 | L13: 0 | M13: 15 | N13: 0 | O13: 88 | P13: 0 | Q13: 0 | R13: 0 | S13: 0
E14: K9 | G14: 232 | H14: 226 | I14: 0 | J14: 0 | K14: 0 | L14: 0 | M14: 6 | N14: 0 | O14: 0 | P14: 0 | Q14: 0 | R14: 0 | S14: 0
E15: Stonic | G15: 8214 | H15: 0 | I15: 0 | L15: 5766 | M15: 301 | N15: 203 | O15: 524 | P15: 703 | Q15: 717 | R15: 0 | S15: 0
E16: Seltos | G16: 13651 | H16: 5351 | I16: 4828 | J16: 1420 | K16: 0 | L16: 0 | M16: 41 | N16: 730 | O16: 253 | P16: 0 | Q16: 1028 | R16: 0 | S16: 0
E17: Soul | G17: 4322 | H17: 0 | I17: 3717 | J17: 209 | K17: 7 | L17: 0 | M17: 33 | N17: 348 | O17: 0 | P17: 0 | Q17: 8 | R17: 0 | S17: 0
E18: Soul EV | G18: 5 | H18: 0 | I18: 0 | J18: 0 | K18: 0 | L18: 5 | M18: 0 | N18: 0 | O18: 0 | P18: 0 | Q18: 0 | R18: 0 | S18: 0
E19: Niro | G19: 9776 | H19: 1147 | I19: 1851 | J19: 558 | K19: 77 | L19: 5160 | M19: 6 | N19: 247 | O19: 480 | P19: 47 | Q19: 203 | R19: 0 | S19: 0
E20: Niro EV | G20: 2157 | H20: 29 | I20: 580 | J20: 150 | K20: 0 | L20: 1369 | M20: 2 | N20: 1 | O20: 3 | P20: 3 | Q20: 20 | R20: 0 | S20: 0
E21: Niro Plus | G21: 1 | H21: 0 | I21: 0 | L21: 0 | M21: 0 | N21: 0 | O21: 0 | P21: 1 | Q21: 0 | R21: 0 | S21: 0
E22: Niro Plus EV | G22: 0 | H22: 0 | I22: 0 | L22: 0 | M22: 0 | N22: 0 | O22: 0 | P22: 0 | Q22: 0 | R22: 0 | S22: 0
E23: EV3 | G23: 12212 | H23: 3032 | I23: 0 | L23: 7809 | M23: 1173 | N23: 4 | O23: 0 | P23: 8 | Q23: 186 | R23: 0 | S23: 0
E24: EV4 | G24: 0 | H24: 0 | I24: 0 | J24: 0 | K24: 0 | L24: 0 | M24: 0 | N24: 0 | O24: 0 | P24: 0 | Q24: 0 | R24: 0 | S24: 0
E25: EV5 | G25: 0 | H25: 0 | I25: 0 | L25: 0 | M25: 0 | N25: 0 | O25: 0 | P25: 0 | Q25: 0 | R25: 0 | S25: 0
E26: EV6 | G26: 4478 | H26: 1163 | I26: 921 | J26: 25 | K26: 9 | L26: 1965 | M26: 249 | N26: 4 | O26: 4 | P26: 4 | Q26: 115 | R26: 16 | S26: 3
E27: EV9 | G27: 1957 | H27: 202 | I27: 466 | J27: 203 | K27: 0 | L27: 997 | M27: 6 | N27: 11 | O27: 8 | P27: 2 | Q27: 60 | R27: 2 | S27: 0
E28: Sportage | G28: 18471 | H28: 6617 | I28: 5929 | J28: 2019 | K28: 470 | L28: 0 | M28: 418 | N28: 549 | O28: 1 | P28: 0 | Q28: 2468 | R28: 0 | S28: 0
E29: Sorento | G29: 17531 | H29: 10155 | I29: 2408 | J29: 263 | K29: 0 | L29: 1444 | M29: 153 | N29: 159 | O29: 1691 | P29: 68 | Q29: 1190 | R29: 0 | S29: 0
E30: Mohave | G30: 6 | H30: 0 | I30: 0 | L30: 0 | M30: 6 | N30: 0 | Q30: 0 | R30: 0 | S30: 0
E31: Carnival | G31: 16657 | H31: 7710 | I31: 6469 | J31: 454 | K31: 0 | L31: 0 | M31: 35 | N31: 134 | O31: 453 | P31: 10 | Q31: 1392 | R31: 0 | S31: 0
E32: Tasman | G32: 99 | H32: 96 | I32: 0 | L32: 0 | M32: 0 | N32: 3 | O32: 0 | P32: 0 | Q32: 0 | R32: 0 | S32: 0
E33: Bongo | G33: 5557 | H33: 2542 | I33: 0 | L33: 0 | M33: 26 | N33: 1038 | O33: 1475 | P33: 174 | Q33: 302 | R33: 0 | S33: 0
E34: Bongo EV | G34: 877 | H34: 877 | I34: 0 | L34: 0 | M34: 0 | N34: 0 | O34: 0 | P34: 0 | Q34: 0 | R34: 0 | S34: 0
E35: Bus | G35: 129 | H35: 129 | I35: 0 | L35: 0 | M35: 0 | N35: 0 | O35: 0 | P35: 0 | Q35: 0 | R35: 0 | S35: 0
E36: PV5 | G36: 0 | H36: 0 | I36: 0 | L36: 0 | M36: 0 | N36: 0 | O36: 0 | P36: 0 | Q36: 0 | R36: 0 | S36: 0
B37: Korea Plants | G37: 145396 | H37: 50006 | I37: 33568 | J37: 5303 | K37: 563 | L37: 30842 | M37: 2605 | N37: 4962 | O37: 7008 | P37: 1720 | Q37: 8798 | R37: 18 | S37: 3
E38: Optima / K5 | G38: 0 | H38: 0 | I38: 0 | J38: 0 | K38: 0 | L38: 0 | M38: 0 | N38: 0 | O38: 0 | P38: 0 | Q38: 0 | R38: 0 | S38: 0
E39: Sportage | G39: 10970 | H39: 0 | I39: 10943 | J39: 0 | K39: 0 | L39: 0 | M39: 0 | N39: 27 | Q39: 0 | R39: 0 | S39: 0
E40: Sorento | G40: 9762 | H40: 0 | I40: 8139 | J40: 1400 | K40: 152 | L40: 0 | M40: 0 | N40: 71 | O40: 0 | P40: 0 | Q40: 0 | R40: 0 | S40: 0
E41: Telluride | G41: 12009 | H41: 0 | I41: 11473 | J41: 386 | K41: 54 | L41: 0 | M41: 0 | N41: 19 | O41: 75 | P41: 0 | Q41: 2 | R41: 0 | S41: 0
E42: EV6 | G42: 0 | H42: 0 | I42: 0 | J42: 0 | K42: 0 | L42: 0 | M42: 0 | N42: 0 | Q42: 0 | R42: 0 | S42: 0
E43: EV9 | G43: 700 | H43: 0 | I43: 698 | J43: 0 | K43: 0 | L43: 0 | M43: 0 | N43: 2 | O43: 0 | P43: 0 | Q43: 0 | R43: 0 | S43: 0
B44: U.S. Plant | G44: 33441 | H44: 0 | I44: 31253 | J44: 1786 | K44: 206 | L44: 0 | M44: 0 | N44: 119 | O44: 75 | P44: 0 | Q44: 2 | R44: 0 | S44: 0
E45: EV2 | G45: 0 | H45: 0 | I45: 0 | L45: 0 | M45: 0 | N45: 0 | O45: 0 | P45: 0 | Q45: 0 | R45: 0 | S45: 0
E46: EV4 | G46: 0 | H46: 0 | I46: 0 | L46: 0 | M46: 0 | N46: 0 | O46: 0 | P46: 0 | Q46: 0 | R46: 0 | S46: 0
E47: Cee'd | G47: 8580 | H47: 0 | I47: 0 | J47: 0 | K47: 0 | L47: 8277 | M47: 286 | N47: 1 | O47: 0 | P47: 16 | Q47: 0 | R47: 0 | S47: 0
E48: Cee'd CUV | G48: 3084 | H48: 0 | I48: 0 | J48: 0 | K48: 0 | L48: 2805 | M48: 183 | N48: 6 | O48: 0 | P48: 90 | Q48: 0 | R48: 0 | S48: 0
E49: Sportage | G49: 22765 | H49: 0 | I49: 0 | J49: 0 | K49: 0 | L49: 18675 | M49: 903 | N49: 303 | O49: 2167 | P49: 717 | Q49: 0 | R49: 0 | S49: 0
B50: Slovakia Plant | G50: 34429 | H50: 0 | I50: 0 | J50: 0 | K50: 0 | L50: 29757 | M50: 1372 | N50: 310 | O50: 2167 | P50: 823 | Q50: 0 | R50: 0 | S50: 0
E51: Rio (Pride) | G51: 0 | H51: 0 | I51: 0 | J51: 0 | K51: 0 | L51: 0 | M51: 0 | N51: 0 | O51: 0 | P51: 0 | Q51: 0 | R51: 0 | S51: 0
E52: K3 | G52: 6698 | H52: 0 | I52: 15 | J52: 3 | K52: 4545 | L52: 0 | M52: 8 | N52: 1194 | O52: 932 | P52: 1 | Q52: 0 | R52: 0 | S52: 0
E53: K4 | G53: 17113 | H53: 0 | I53: 13704 | J53: 1427 | K53: 1391 | L53: 0 | M53: 0 | N53: 131 | O53: 0 | P53: 0 | Q53: 460 | R53: 0 | S53: 0
B54: Mexico Plant | G54: 23811 | H54: 0 | I54: 13719 | J54: 1430 | K54: 5936 | L54: 0 | M54: 8 | N54: 1325 | O54: 932 | P54: 1 | Q54: 460 | R54: 0 | S54: 0
E55: Rio (Pride) | G55: 0
B56: *Russia Plant (HMMR) | G56: 0 | H56: 0 | I56: 0 | J56: 0 | K56: 0 | L56: 0 | M56: 0 | N56: 0 | O56: 0 | P56: 0 | Q56: 0 | R56: 0 | S56: 0
E57: Pegas | G57: 5909 | H57: 0 | I57: 0 | L57: 0 | M57: 0 | N57: 2162 | O57: 3478 | P57: 108 | Q57: 143 | R57: 0 | S57: 18
E58: Forte | G58: 522 | H58: 0 | I58: 0 | L58: 0 | M58: 0 | N58: 0 | Q58: 0 | R58: 0 | S58: 522
E59: K3 | G59: 227 | H59: 0 | I59: 0 | J59: 0 | K59: 0 | L59: 0 | M59: 0 | N59: 0 | O59: 0 | P59: 0 | Q59: 0 | R59: 0 | S59: 227
E60: K5 | G60: 530 | H60: 0 | I60: 0 | L60: 0 | M60: 323 | N60: 0 | Q60: 0 | R60: 0 | S60: 207
E61: KX1 | G61: 2430 | H61: 0 | I61: 0 | L61: 0 | M61: 0 | N61: 0 | Q61: 0 | R61: 0 | S61: 2430
E62: Sonet | G62: 3630 | H62: 0 | I62: 0 | J62: 0 | K62: 1050 | L62: 0 | M62: 0 | N62: 1067 | O62: 464 | P62: 153 | Q62: 672 | R62: 0 | S62: 224
E63: KX3 / Seltos | G63: 4834 | H63: 0 | I63: 0 | J63: 0 | K63: 1046 | L63: 0 | M63: 0 | N63: 919 | O63: 1233 | P63: 81 | Q63: 66 | R63: 0 | S63: 1489
E64: Zhipao | G64: 146 | H64: 0 | I64: 0 | L64: 0 | M64: 0 | N64: 0 | Q64: 0 | R64: 0 | S64: 146
E65: Sportage | G65: 2344 | H65: 0 | I65: 0 | J65: 0 | K65: 0 | L65: 0 | M65: 0 | N65: 0 | O65: 1225 | P65: 0 | Q65: 0 | R65: 0 | S65: 1119
E66: Carnival | G66: 127 | H66: 0 | I66: 0 | L66: 0 | M66: 0 | N66: 0 | O66: 0 | P66: 0 | Q66: 0 | R66: 0 | S66: 127
E67: EV5 | G67: 1302 | H67: 0 | I67: 0 | L67: 0 | M67: 0 | N67: 149 | O67: 7 | P67: 12 | Q67: 587 | R67: 0 | S67: 547
B68: China Plants | G68: 22001 | H68: 0 | I68: 0 | J68: 0 | K68: 2096 | L68: 0 | M68: 323 | N68: 4297 | O68: 6407 | P68: 354 | Q68: 1468 | R68: 0 | S68: 7056
E69: Syros | G69: 4033 | H69: 0 | I69: 0 | J69: 0 | K69: 0 | L69: 0 | M69: 0 | N69: 0 | O69: 0 | P69: 0 | Q69: 0 | R69: 4033 | S69: 0
E70: Sonet | G70: 8836 | H70: 0 | I70: 0 | L70: 0 | M70: 0 | N70: 48 | O70: 9 | P70: 940 | Q70: 102 | R70: 7737 | S70: 0
E71: Seltos | G71: 7543 | H71: 0 | I71: 0 | J71: 0 | K71: 0 | L71: 0 | M71: 0 | N71: 184 | O71: 0 | P71: 187 | Q71: 81 | R71: 7091 | S71: 0
E72: Carens MPV | G72: 6359 | H72: 0 | I72: 0 | L72: 0 | M72: 30 | N72: 189 | O72: 177 | P72: 17 | Q72: 53 | R72: 5893 | S72: 0
E73: Carens MPV EV | G73: 0 | H73: 0 | I73: 0 | L73: 0 | M73: 0 | N73: 0 | O73: 0 | P73: 0 | Q73: 0 | R73: 0 | S73: 0
E74: Carnival (CKD) | G74: 193 | H74: 0 | I74: 0 | L74: 0 | M74: 0 | N74: 0 | O74: 0 | P74: 0 | Q74: 0 | R74: 193 | S74: 0
B75: India Plant | G75: 26964 | H75: 0 | I75: 0 | J75: 0 | K75: 0 | L75: 0 | M75: 30 | N75: 421 | O75: 186 | P75: 1144 | Q75: 236 | R75: 24947 | S75: 0
E76: EV5 | G76: 0 | H76: 0 | I76: 0 | L76: 0 | M76: 0 | N76: 0 | Q76: 0 | R76: 0 | S76: 0
B77: HMGICs Plant | G77: 0 | H77: 0 | I77: 0 | J77: 0 | K77: 0 | L77: 0 | M77: 0 | N77: 0 | O77: 0 | P77: 0 | Q77: 0 | R77: 0 | S77: 0
E79: Morning / Picanto | G79: 81 | H79: 0 | I79: 0 | L79: 0 | M79: 0 | N79: 0 | O79: 35 | P79: 0 | Q79: 46 | R79: 0 | S79: 0
E80: Pegas | G80: 23 | H80: 0 | I80: 0 | L80: 0 | M80: 0 | N80: 0 | Q80: 23 | R80: 0 | S80: 0
E81: K3 | G81: 479 | H81: 0 | I81: 0 | L81: 0 | M81: 272 | N81: 0 | Q81: 207 | R81: 0 | S81: 0
E82: K4 | G82: 0 | H82: 0 | I82: 0 | L82: 0 | M82: 0 | N82: 0 | Q82: 0 | R82: 0 | S82: 0
E83: K5 | G83: 25 | H83: 0 | I83: 0 | L83: 0 | M83: 0 | N83: 0 | Q83: 25 | R83: 0 | S83: 0
E84: K8 | G84: 0 | H84: 0 | I84: 0 | J84: 0 | K84: 0 | L84: 0 | M84: 0 | N84: 0 | O84: 0 | P84: 0 | Q84: 0 | R84: 0 | S84: 0
E85: Sonet | G85: 2008 | H85: 0 | I85: 0 | L85: 0 | M85: 1200 | N85: 181 | Q85: 627 | R85: 0 | S85: 0
E86: Stonic | G86: 166 | H86: 0 | I86: 0 | L86: 0 | M86: 0 | N86: 0 | O86: 166 | P86: 0 | Q86: 0 | R86: 0 | S86: 0
E87: Seltos | G87: 597 | H87: 0 | I87: 0 | L87: 0 | M87: 4 | N87: 0 | Q87: 593 | R87: 0 | S87: 0
E88: Soul | G88: 1 | H88: 0 | I88: 0 | L88: 0 | M88: 1 | N88: 0 | Q88: 0 | R88: 0 | S88: 0
E89: Niro | G89: 0 | H89: 0 | I89: 0 | J89: 0 | K89: 0 | L89: 0 | M89: 0 | N89: 0 | O89: 0 | P89: 0 | Q89: 0 | R89: 0 | S89: 0
E90: EV6 | G90: 0 | H90: 0 | I90: 0 | L90: 0 | M90: 0 | N90: 0 | Q90: 0 | R90: 0 | S90: 0
E91: EV9 | G91: 0 | H91: 0 | I91: 0 | L91: 0 | M91: 0 | N91: 0 | Q91: 0 | R91: 0 | S91: 0
E92: Sportage | G92: 1130 | H92: 0 | I92: 0 | J92: 0 | K92: 0 | L92: 0 | M92: 633 | N92: 0 | O92: 248 | P92: 0 | Q92: 249 | R92: 0 | S92: 0
E93: Sorento | G93: 143 | H93: 0 | I93: 0 | J93: 0 | K93: 0 | L93: 0 | M93: 0 | N93: 0 | O93: 34 | P93: 0 | Q93: 109 | R93: 0 | S93: 0
E94: Carens MPV | G94: 187 | H94: 0 | I94: 0 | L94: 0 | M94: 0 | N94: 0 | Q94: 187 | R94: 0 | S94: 0
E95: Carnival | G95: 761 | H95: 0 | I95: 0 | J95: 0 | K95: 0 | L95: 0 | M95: 0 | N95: 0 | O95: 0 | P95: 0 | Q95: 761 | R95: 0 | S95: 0
E96: Tasman | G96: 0 | H96: 0 | I96: 0 | L96: 0 | M96: 0 | N96: 0 | Q96: 0 | R96: 0 | S96: 0
E97: Bongo | G97: 931 | H97: 0 | I97: 0 | L97: 0 | M97: 0 | N97: 240 | Q97: 691 | R97: 0 | S97: 0
B98: CKD | G98: 6532 | H98: 0 | I98: 0 | J98: 0 | K98: 0 | L98: 0 | M98: 2110 | N98: 421 | O98: 483 | P98: 0 | Q98: 3518 | R98: 0 | S98: 0
E100: Tasman | G100: 0 | H100: 0 | I100: 0 | L100: 0 | M100: 0 | N100: 0 | O100: 0 | P100: 0 | Q100: 0 | R100: 0 | S100: 0
E101: Bongo | G101: 15 | H101: 0 | I101: 0 | L101: 0 | M101: 5 | N101: 8 | O101: 0 | P101: 0 | Q101: 2 | R101: 0 | S101: 0
E102: Millitary | G102: 111 | H102: 99 | I102: 0 | J102: 0 | K102: 0 | L102: 10 | M102: 0 | N102: 2 | O102: 0 | P102: 0 | Q102: 0 | R102: 0 | S102: 0
E103: Bus | G103: 0 | H103: 0 | I103: 0 | L103: 0 | M103: 0 | N103: 0 | O103: 0 | P103: 0 | Q103: 0 | R103: 0 | S103: 0
...

Sheet Apr
Q1: Apr. 2025, Kia IR
B2: ]
B3: Retail Sales by Country_2025 | S3: (Units, %)
B4: Model / Plant | G4: Total | H4: Korea | I4: U.S.A | J4: Canada | K4: Mexico | L4: *Europe | M4: Eastern Europe | N4: Latin America | O4: Middle East | P4: Africa | Q4: Asia Pacific | R4: India | S4: China
E6: Morning / Picanto | G6: 10553 | H6: 1028 | I6: 0 | L6: 5621 | M6: 156 | N6: 1444 | O6: 138 | P6: 1409 | Q6: 757 | R6: 0 | S6: 0
E7: Pride / Rio | G7: 0 | H7: 0 | I7: 0 | L7: 0 | M7: 0 | N7: 0 | O7: 0 | P7: 0 | Q7: 0 | R7: 0 | S7: 0
E8: Ray | G8: 3634 | H8: 3634 | I8: 0 | L8: 0 | M8: 0 | N8: 0 | Q8: 0 | R8: 0 | S8: 0
E9: Ray EV | G9: 628 | H9: 628 | I9: 0 | L9: 0 | M9: 0 | N9: 0 | Q9: 0 | R9: 0 | S9: 0
E10: K3 | G10: 215 | H10: 0 | I10: 0 | J10: 3 | K10: 0 | L10: 0 | M10: 28 | N10: 4 | O10: 94 | P10: 0 | Q10: 86 | R10: 0 | S10: 0
E11: K5 | G11: 10972 | H11: 3581 | I11: 6245 | J11: 0 | K11: 0 | L11: 0 | M11: 3 | N11: 17 | O11: 1126 | P11: 0 | Q11: 0 | R11: 0 | S11: 0
E12: Stinger | G12: 2 | H12: 0 | I12: 0 | J12: 0 | K12: 0 | L12: 1 | M12: 0 | N12: 0 | O12: 0 | P12: 1 | Q12: 0 | R12: 0 | S12: 0
E13: K8 | G13: 2646 | H13: 2566 | I13: 0 | J13: 0 | K13: 0 | L13: 0 | M13: 10 | N13: 0 | O13: 70 | P13: 0 | Q13: 0 | R13: 0 | S13: 0
E14: K9 | G14: 153 | H14: 147 | I14: 0 | J14: 0 | K14: 0 | L14: 0 | M14: 6 | N14: 0 | O14: 0 | P14: 0 | Q14: 0 | R14: 0 | S14: 0
E15: Stonic | G15: 6758 | H15: 0 | I15: 0 | L15: 4475 | M15: 440 | N15: 193 | O15: 389 | P15: 656 | Q15: 605 | R15: 0 | S15: 0
E16: Seltos | G16: 12633 | H16: 5101 | I16: 4051 | J16: 1219 | K16: 0 | L16: 0 | M16: 123 | N16: 870 | O16: 328 | P16: 0 | Q16: 941 | R16: 0 | S16: 0
E17: Soul | G17: 5447 | H17: 0 | I17: 5069 | J17: 91 | K17: 3 | L17: 0 | M17: 36 | N17: 245 | O17: 0 | P17: 0 | Q17: 3 | R17: 0 | S17: 0
E18: Soul EV | G18: 2 | H18: 0 | I18: 0 | J18: 0 | K18: 0 | L18: 1 | M18: 0 | N18: 1 | O18: 0 | P18: 0 | Q18: 0 | R18: 0 | S18: 0
E19: Niro | G19: 8678 | H19: 1644 | I19: 1781 | J19: 727 | K19: 80 | L19: 3444 | M19: 2 | N19: 187 | O19: 634 | P19: 58 | Q19: 121 | R19: 0 | S19: 0
E20: Niro EV | G20: 1726 | H20: 72 | I20: 569 | J20: 330 | K20: 0 | L20: 745 | M20: 0 | N20: 0 | O20: 0 | P20: 5 | Q20: 5 | R20: 0 | S20: 0
E21: Niro Plus | G21: 4 | H21: 0 | I21: 0 | L21: 0 | M21: 0 | N21: 0 | O21: 0 | P21: 1 | Q21: 3 | R21: 0 | S21: 0
E22: Niro Plus EV | G22: 0 | H22: 0 | I22: 0 | L22: 0 | M22: 0 | N22: 0 | O22: 0 | P22: 0 | Q22: 0 | R22: 0 | S22: 0
E23: EV3 | G23: 10012 | H23: 3057 | I23: 0 | L23: 5551 | M23: 957 | N23: 54 | O23: 0 | P23: 6 | Q23: 387 | R23: 0 | S23: 0
E24: EV4 | G24: 831 | H24: 831 | I24: 0 | J24: 0 | K24: 0 | L24: 0 | M24: 0 | N24: 0 | O24: 0 | P24: 0 | Q24: 0 | R24: 0 | S24: 0
E25: EV5 | G25: 0 | H25: 0 | I25: 0 | L25: 0 | M25: 0 | N25: 0 | O25: 0 | P25: 0 | Q25: 0 | R25: 0 | S25: 0
E26: EV6 | G26: 3070 | H26: 789 | I26: 340 | J26: 24 | K26: 3 | L26: 1441 | M26: 350 | N26: 4 | O26: 9 | P26: 12 | Q26: 61 | R26: 37 | S26: 0
E27: EV9 | G27: 1890 | H27: 150 | I27: 115 | J27: 475 | K27: 0 | L27: 1070 | M27: 16 | N27: 3 | O27: 6 | P27: 0 | Q27: 52 | R27: 3 | S27: 0
E28: Sportage | G28: 18442 | H28: 6703 | I28: 5548 | J28: 2496 | K28: 529 | L28: 0 | M28: 439 | N28: 598 | O28: 4 | P28: 0 | Q28: 2125 | R28: 0 | S28: 0
E29: Sorento | G29: 15213 | H29: 8796 | I29: 2046 | J29: 326 | K29: 0 | L29: 898 | M29: 225 | N29: 167 | O29: 1640 | P29: 57 | Q29: 1058 | R29: 0 | S29: 0
E30: Mohave | G30: 0 | H30: 0 | I30: 0 | L30: 0 | M30: 0 | N30: 0 | Q30: 0 | R30: 0 | S30: 0
E31: Carnival | G31: 16558 | H31: 7592 | I31: 6405 | J31: 629 | K31: 0 | L31: 0 | M31: 18 | N31: 183 | O31: 640 | P31: 19 | Q31: 1072 | R31: 0 | S31: 0
E32: Tasman | G32: 1253 | H32: 1248 | I32: 0 | L32: 0 | M32: 0 | N32: 5 | O32: 0 | P32: 0 | Q32: 0 | R32: 0 | S32: 0
E33: Bongo | G33: 5622 | H33: 2806 | I33: 0 | L33: 0 | M33: 25 | N33: 1100 | O33: 1238 | P33: 166 | Q33: 287 | R33: 0 | S33: 0
E34: Bongo EV | G34: 498 | H34: 497 | I34: 0 | L34: 0 | M34: 1 | N34: 0 | O34: 0 | P34: 0 | Q34: 0 | R34: 0 | S34: 0
E35: Bus | G35: 135 | H35: 135 | I35: 0 | L35: 0 | M35: 0 | N35: 0 | O35: 0 | P35: 0 | Q35: 0 | R35: 0 | S35: 0
E36: PV5 | G36: 0 | H36: 0 | I36: 0 | L36: 0 | M36: 0 | N36: 0 | O36: 0 | P36: 0 | Q36: 0 | R36: 0 | S36: 0
B37: Korea Plants | G37: 137575 | H37: 51005 | I37: 32169 | J37: 6320 | K37: 615 | L37: 23247 | M37: 2835 | N37: 5075 | O37: 6316 | P37: 2390 | Q37: 7563 | R37: 40 | S37: 0
E38: Optima / K5 | G38: 3 | H38: 0 | I38: 3 | J38: 0 | K38: 0 | L38: 0 | M38: 0 | N38: 0 | O38: 0 | P38: 0 | Q38: 0 | R38: 0 | S38: 0
E39: Sportage | G39: 10651 | H39: 0 | I39: 10630 | J39: 0 | K39: 0 | L39: 0 | M39: 0 | N39: 21 | Q39: 0 | R39: 0 | S39: 0
E40: Sorento | G40: 9363 | H40: 0 | I40: 7613 | J40: 1542 | K40: 141 | L40: 0 | M40: 0 | N40: 66 | O40: 0 | P40: 0 | Q40: 1 | R40: 0 | S40: 0
E41: Telluride | G41: 11431 | H41: 0 | I41: 10860 | J41: 431 | K41: 28 | L41: 0 | M41: 0 | N41: 8 | O41: 103 | P41: 0 | Q41: 1 | R41: 0 | S41: 0
E42: EV6 | G42: 393 | H42: 0 | I42: 316 | J42: 77 | K42: 0 | L42: 0 | M42: 0 | N42: 0 | Q42: 0 | R42: 0 | S42: 0
E43: EV9 | G43: 118 | H43: 0 | I43: 117 | J43: 0 | K43: 0 | L43: 0 | M43: 0 | N43: 1 | O43: 0 | P43: 0 | Q43: 0 | R43: 0 | S43: 0
B44: U.S. Plant | G44: 31959 | H44: 0 | I44: 29539 | J44: 2050 | K44: 169 | L44: 0 | M44: 0 | N44: 96 | O44: 103 | P44: 0 | Q44: 2 | R44: 0 | S44: 0
E45: EV2 | G45: 0 | H45: 0 | I45: 0 | L45: 0 | M45: 0 | N45: 0 | O45: 0 | P45: 0 | Q45: 0 | R45: 0 | S45: 0
E46: EV4 | G46: 0 | H46: 0 | I46: 0 | L46: 0 | M46: 0 | N46: 0 | O46: 0 | P46: 0 | Q46: 0 | R46: 0 | S46: 0
E47: Cee'd | G47: 6522 | H47: 0 | I47: 0 | J47: 0 | K47: 0 | L47: 6207 | M47: 296 | N47: 4 | O47: 0 | P47: 15 | Q47: 0 | R47: 0 | S47: 0
E48: Cee'd CUV | G48: 3211 | H48: 0 | I48: 0 | J48: 0 | K48: 0 | L48: 2588 | M48: 399 | N48: 14 | O48: 0 | P48: 210 | Q48: 0 | R48: 0 | S48: 0
E49: Sportage | G49: 16646 | H49: 0 | I49: 0 | J49: 0 | K49: 0 | L49: 12634 | M49: 1157 | N49: 307 | O49: 1667 | P49: 881 | Q49: 0 | R49: 0 | S49: 0
B50: Slovakia Plant | G50: 26379 | H50: 0 | I50: 0 | J50: 0 | K50: 0 | L50: 21429 | M50: 1852 | N50: 325 | O50: 1667 | P50: 1106 | Q50: 0 | R50: 0 | S50: 0
E51: Rio (Pride) | G51: 1 | H51: 0 | I51: 0 | J51: 1 | K51: 0 | L51: 0 | M51: 0 | N51: 0 | O51: 0 | P51: 0 | Q51: 0 | R51: 0 | S51: 0
E52: K3 | G52: 6667 | H52: 0 | I52: 20 | J52: 3 | K52: 4612 | L52: 0 | M52: 0 | N52: 1531 | O52: 500 | P52: 0 | Q52: 1 | R52: 0 | S52: 0
E53: K4 | G53: 16312 | H53: 0 | I53: 13077 | J53: 1507 | K53: 1088 | L53: 0 | M53: 0 | N53: 100 | O53: 35 | P53: 0 | Q53: 505 | R53: 0 | S53: 0
B54: Mexico Plant | G54: 22980 | H54: 0 | I54: 13097 | J54: 1511 | K54: 5700 | L54: 0 | M54: 0 | N54: 1631 | O54: 535 | P54: 0 | Q54: 506 | R54: 0 | S54: 0
E55: Rio (Pride) | G55: 0 | H55: 0 | I55: 0 | L55: 0 | M55: 0 | N55: 0 | Q55: 0 | R55: 0 | S55: 0
B56: *Russia Plant (HMMR) | G56: 0 | H56: 0 | I56: 0 | J56: 0 | K56: 0 | L56: 0 | M56: 0 | N56: 0 | O56: 0 | P56: 0 | Q56: 0 | R56: 0 | S56: 0
E57: Pegas | G57: 5590 | H57: 0 | I57: 0 | L57: 0 | M57: 0 | N57: 2418 | O57: 2922 | P57: 113 | Q57: 134 | R57: 0 | S57: 3
E58: Forte | G58: 525 | H58: 0 | I58: 0 | L58: 0 | M58: 0 | N58: 0 | Q58: 0 | R58: 0 | S58: 525
E59: K3 | G59: 666 | H59: 0 | I59: 0 | J59: 0 | K59: 0 | L59: 0 | M59: 0 | N59: 0 | O59: 0 | P59: 0 | Q59: 0 | R59: 0 | S59: 666
E60: K5 | G60: 545 | H60: 0 | I60: 0 | L60: 0 | M60: 400 | N60: 0 | Q60: 0 | R60: 0 | S60: 145
E61: KX1 | G61: 2058 | H61: 0 | I61: 0 | L61: 0 | M61: 0 | N61: 0 | Q61: 0 | R61: 0 | S61: 2058
E62: Sonet | G62: 3455 | H62: 0 | I62: 0 | J62: 0 | K62: 859 | L62: 0 | M62: 0 | N62: 1011 | O62: 382 | P62: 100 | Q62: 585 | R62: 0 | S62: 518
E63: KX3 / Seltos | G63: 4100 | H63: 0 | I63: 0 | J63: 0 | K63: 1028 | L63: 0 | M63: 0 | N63: 708 | O63: 824 | P63: 99 | Q63: 58 | R63: 0 | S63: 1383
E64: Zhipao | G64: 250 | H64: 0 | I64: 0 | L64: 0 | M64: 0 | N64: 0 | Q64: 0 | R64: 0 | S64: 250
E65: Sportage | G65: 1939 | H65: 0 | I65: 0 | J65: 0 | K65: 0 | L65: 0 | M65: 0 | N65: 0 | O65: 980 | P65: 0 | Q65: 0 | R65: 0 | S65: 959
E66: Carnival | G66: 125 | H66: 0 | I66: 0 | L66: 0 | M66: 0 | N66: 0 | O66: 0 | P66: 0 | Q66: 0 | R66: 0 | S66: 125
E67: EV5 | G67: 1047 | H67: 0 | I67: 0 | L67: 0 | M67: 0 | N67: 139 | O67: 3 | P67: 15 | Q67: 466 | R67: 0 | S67: 424
B68: China Plants | G68: 20300 | H68: 0 | I68: 0 | J68: 0 | K68: 1887 | L68: 0 | M68: 400 | N68: 4276 | O68: 5111 | P68: 327 | Q68: 1243 | R68: 0 | S68: 7056
E69: Syros | G69: 3628 | H69: 0 | I69: 0 | J69: 0 | K69: 0 | L69: 0 | M69: 0 | N69: 0 | O69: 0 | P69: 0 | Q69: 0 | R69: 3628 | S69: 0
E70: Sonet | G70: 8510 | H70: 0 | I70: 0 | L70: 0 | M70: 0 | N70: 56 | O70: 1 | P70: 866 | Q70: 71 | R70: 7516 | S70: 0
E71: Seltos | G71: 6750 | H71: 0 | I71: 0 | J71: 0 | K71: 0 | L71: 0 | M71: 0 | N71: 148 | O71: 0 | P71: 379 | Q71: 102 | R71: 6121 | S71: 0
E72: Carens MPV | G72: 5861 | H72: 0 | I72: 0 | L72: 0 | M72: 33 | N72: 158 | O72: 204 | P72: 25 | Q72: 15 | R72: 5426 | S72: 0
E73: Carens MPV EV | G73: 0 | H73: 0 | I73: 0 | L73: 0 | M73: 0 | N73: 0 | O73: 0 | P73: 0 | Q73: 0 | R73: 0 | S73: 0
E74: Carnival (CKD) | G74: 131 | H74: 0 | I74: 0 | L74: 0 | M74: 0 | N74: 0 | O74: 0 | P74: 0 | Q74: 0 | R74: 131 | S74: 0
B75: India Plant | G75: 24880 | H75: 0 | I75: 0 | J75: 0 | K75: 0 | L75: 0 | M75: 33 | N75: 362 | O75: 205 | P75: 1270 | Q75: 188 | R75: 22822 | S75: 0
E76: EV5 | G76: 0 | H76: 0 | I76: 0 | L76: 0 | M76: 0 | N76: 0 | Q76: 0 | R76: 0 | S76: 0
B77: HMGICs Plant | G77: 0 | H77: 0 | I77: 0 | J77: 0 | K77: 0 | L77: 0 | M77: 0 | N77: 0 | O77: 0 | P77: 0 | Q77: 0 | R77: 0 | S77: 0
E79: Morning / Picanto | G79: 90 | H79: 0 | I79: 0 | L79: 0 | M79: 0 | N79: 0 | O79: 69 | P79: 0 | Q79: 21 | R79: 0 | S79: 0
E80: Pegas | G80: 63 | H80: 0 | I80: 0 | L80: 0 | M80: 0 | N80: 0 | Q80: 63 | R80: 0 | S80: 0
E81: K3 | G81: 485 | H81: 0 | I81: 0 | L81: 0 | M81: 322 | N81: 0 | Q81: 163 | R81: 0 | S81: 0
E82: K4 | G82: 0 | H82: 0 | I82: 0 | L82: 0 | M82: 0 | N82: 0 | Q82: 0 | R82: 0 | S82: 0
E83: K5 | G83: 15 | H83: 0 | I83: 0 | L83: 0 | M83: 0 | N83: 0 | Q83: 15 | R83: 0 | S83: 0
E84: K8 | G84: 0 | H84: 0 | I84: 0 | J84: 0 | K84: 0 | L84: 0 | M84: 0 | N84: 0 | O84: 0 | P84: 0 | Q84: 0 | R84: 0 | S84: 0
E85: Sonet | G85: 2003 | H85: 0 | I85: 0 | L85: 0 | M85: 1330 | N85: 192 | Q85: 481 | R85: 0 | S85: 0
E86: Stonic | G86: 119 | H86: 0 | I86: 0 | L86: 0 | M86: 0 | N86: 0 | O86: 119 | P86: 0 | Q86: 0 | R86: 0 | S86: 0
E87: Seltos | G87: 555 | H87: 0 | I87: 0 | L87: 0 | M87: 2 | N87: 0 | Q87: 553 | R87: 0 | S87: 0
E88: Soul | G88: 0 | H88: 0 | I88: 0 | L88: 0 | M88: 0 | N88: 0 | Q88: 0 | R88: 0 | S88: 0
E89: Niro | G89: 0 | H89: 0 | I89: 0 | J89: 0 | K89: 0 | L89: 0 | M89: 0 | N89: 0 | O89: 0 | P89: 0 | Q89: 0 | R89: 0 | S89: 0
E90: EV6 | G90: 0 | H90: 0 | I90: 0 | L90: 0 | M90: 0 | N90: 0 | Q90: 0 | R90: 0 | S90: 0
E91: EV9 | G91: 0 | H91: 0 | I91: 0 | L91: 0 | M91: 0 | N91: 0 | Q91: 0 | R91: 0 | S91: 0
E92: Sportage | G92: 1131 | H92: 0 | I92: 0 | J92: 0 | K92: 0 | L92: 0 | M92: 790 | N92: 0 | O92: 155 | P92: 0 | Q92: 186 | R92: 0 | S92: 0
E93: Sorento | G93: 130 | H93: 0 | I93: 0 | J93: 0 | K93: 0 | L93: 0 | M93: 0 | N93: 0 | O93: 32 | P93: 0 | Q93: 98 | R93: 0 | S93: 0
E94: Carens MPV | G94: 533 | H94: 0 | I94: 0 | L94: 0 | M94: 0 | N94: 0 | Q94: 533 | R94: 0 | S94: 0
E95: Carnival | G95: 755 | H95: 0 | I95: 0 | J95: 0 | K95: 0 | L95: 0 | M95: 0 | N95: 0 | O95: 0 | P95: 0 | Q95: 755 | R95: 0 | S95: 0
E96: Tasman | G96: 0 | H96: 0 | I96: 0 | L96: 0 | M96: 0 | N96: 0 | Q96: 0 | R96: 0 | S96: 0
E97: Bongo | G97: 1177 | H97: 0 | I97: 0 | L97: 0 | M97: 0 | N97: 246 | Q97: 931 | R97: 0 | S97: 0
B98: CKD | G98: 7056 | H98: 0 | I98: 0 | J98: 0 | K98: 0 | L98: 0 | M98: 2444 | N98: 438 | O98: 375 | P98: 0 | Q98: 3799 | R98: 0 | S98: 0
E100: Tasman | G100: 0 | H100: 0 | I100: 0 | L100: 0 | M100: 0 | N100: 0 | O100: 0 | P100: 0 | Q100: 0 | R100: 0 | S100: 0
E101: Bongo | G101: 2 | H101: 0 | I101: 0 | L101: 0 | M101: 0 | N101: 0 | O101: 0 | P101: 0 | Q101: 2 | R101: 0 | S101: 0
E102: Millitary | G102: 180 | H102: 80 | I102: 0 | J102: 0 | K102: 0 | L102: 0 | M102: 0 | N102: 0 | O102: 0 | P102: 100 | Q102: 0 | R102: 0 | S102: 0
E103: Bus | G103: 0 | H103: 0 | I103: 0 | L103: 0 | M103: 0 | N103: 0 | O103: 0 | P103: 0 | Q103: 0 | R103: 0 | S103: 0
...

Sheet May
Q1: May. 2025, Kia IR
B2: ]
B3: Retail Sales by Country_2025 | S3: (Units, %)
B4: Model / Plant | G4: Total | H4: Korea | I4: U.S.A | J4: Canada | K4: Mexico | L4: *Europe | M4: Eastern Europe | N4: Latin America | O4: Middle East | P4: Africa | Q4: Asia Pacific | R4: India | S4: China
E6: Morning / Picanto | G6: 11697 | H6: 1527 | I6: 0 | L6: 5767 | M6: 68 | N6: 1277 | O6: 1502 | P6: 754 | Q6: 802 | R6: 0 | S6: 0
E7: Pride / Rio | G7: -5 | H7: 0 | I7: 0 | L7: 0 | M7: 0 | N7: 0 | O7: 0 | P7: 0 | Q7: -5 | R7: 0 | S7: 0
E8: Ray | G8: 3194 | H8: 3194 | I8: 0 | L8: 0 | M8: 0 | N8: 0 | Q8: 0 | R8: 0 | S8: 0
E9: Ray EV | G9: 806 | H9: 806 | I9: 0 | L9: 0 | M9: 0 | N9: 0 | Q9: 0 | R9: 0 | S9: 0
E10: K3 | G10: 143 | H10: 0 | I10: 0 | J10: 3 | K10: 0 | L10: 0 | M10: 11 | N10: 0 | O10: 59 | P10: 0 | Q10: 70 | R10: 0 | S10: 0
E11: K5 | G11: 10580 | H11: 3028 | I11: 6957 | J11: 0 | K11: 0 | L11: 0 | M11: 7 | N11: 15 | O11: 555 | P11: 0 | Q11: 18 | R11: 0 | S11: 0
E12: Stinger | G12: 0 | H12: 0 | I12: 0 | J12: 0 | K12: 0 | L12: 0 | M12: 0 | N12: 0 | O12: 0 | P12: 0 | Q12: 0 | R12: 0 | S12: 0
E13: K8 | G13: 2708 | H13: 2627 | I13: 0 | J13: 0 | K13: 0 | L13: 0 | M13: 16 | N13: 0 | O13: 65 | P13: 0 | Q13: 0 | R13: 0 | S13: 0
E14: K9 | G14: 112 | H14: 109 | I14: 0 | J14: 0 | K14: 0 | L14: 0 | M14: 3 | N14: 0 | O14: 0 | P14: 0 | Q14: 0 | R14: 0 | S14: 0
E15: Stonic | G15: 6449 | H15: 0 | I15: 0 | L15: 5031 | M15: 312 | N15: 220 | O15: 63 | P15: 180 | Q15: 643 | R15: 0 | S15: 0
E16: Seltos | G16: 13263 | H16: 4257 | I16: 5254 | J16: 1688 | K16: 0 | L16: 0 | M16: 171 | N16: 711 | O16: 93 | P16: 0 | Q16: 1089 | R16: 0 | S16: 0
E17: Soul | G17: 5438 | H17: 0 | I17: 5043 | J17: 11 | K17: 0 | L17: 0 | M17: 18 | N17: 361 | O17: 0 | P17: 0 | Q17: 5 | R17: 0 | S17: 0
E18: Soul EV | G18: 8 | H18: 0 | I18: 0 | J18: 0 | K18: 0 | L18: 8 | M18: 0 | N18: 0 | O18: 0 | P18: 0 | Q18: 0 | R18: 0 | S18: 0
E19: Niro | G19: 7526 | H19: 1283 | I19: 1703 | J19: 625 | K19: 88 | L19: 3183 | M19: 4 | N19: 192 | O19: 300 | P19: 46 | Q19: 102 | R19: 0 | S19: 0
E20: Niro EV | G20: 1836 | H20: 27 | I20: 651 | J20: 363 | K20: 0 | L20: 778 | M20: 2 | N20: 2 | O20: 1 | P20: 1 | Q20: 11 | R20: 0 | S20: 0
E21: Niro Plus | G21: 0 | H21: 0 | I21: 0 | L21: 0 | M21: 0 | N21: 0 | O21: 0 | P21: 0 | Q21: 0 | R21: 0 | S21: 0
E22: Niro Plus EV | G22: 0 | H22: 0 | I22: 0 | L22: 0 | M22: 0 | N22: 0 | O22: 0 | P22: 0 | Q22: 0 | R22: 0 | S22: 0
E23: EV3 | G23: 8200 | H23: 1866 | I23: 0 | L23: 5310 | M23: 620 | N23: 56 | O23: 0 | P23: 8 | Q23: 340 | R23: 0 | S23: 0
E24: EV4 | G24: 1375 | H24: 1373 | I24: 0 | J24: 0 | K24: 0 | L24: 2 | M24: 0 | N24: 0 | O24: 0 | P24: 0 | Q24: 0 | R24: 0 | S24: 0
E25: EV5 | G25: 0 | H25: 0 | I25: 0 | L25: 0 | M25: 0 | N25: 0 | O25: 0 | P25: 0 | Q25: 0 | R25: 0 | S25: 0
E26: EV6 | G26: 2869 | H26: 957 | I26: 92 | J26: 0 | K26: 2 | L26: 1389 | M26: 303 | N26: 4 | O26: 16 | P26: 9 | Q26: 48 | R26: 48 | S26: 1
E27: EV9 | G27: 1494 | H27: 178 | I27: 18 | J27: 400 | K27: 0 | L27: 819 | M27: 20 | N27: 3 | O27: 7 | P27: 4 | Q27: 44 | R27: 1 | S27: 0
E28: Sportage | G28: 16908 | H28: 5295 | I28: 5629 | J28: 2651 | K28: 509 | L28: 0 | M28: 483 | N28: 551 | O28: 4 | P28: 0 | Q28: 1786 | R28: 0 | S28: 0
E29: Sorento | G29: 14222 | H29: 7734 | I29: 1780 | J29: 415 | K29: 0 | L29: 1106 | M29: 204 | N29: 199 | O29: 1552 | P29: 65 | Q29: 1167 | R29: 0 | S29: 0
E30: Mohave | G30: 0 | H30: 0 | I30: 0 | L30: 0 | M30: 0 | N30: 0 | Q30: 0 | R30: 0 | S30: 0
E31: Carnival | G31: 15930 | H31: 6651 | I31: 6975 | J31: 577 | K31: 0 | L31: 0 | M31: 31 | N31: 153 | O31: 235 | P31: 38 | Q31: 1270 | R31: 0 | S31: 0
E32: Tasman | G32: 1351 | H32: 1348 | I32: 0 | L32: 0 | M32: 0 | N32: 3 | O32: 0 | P32: 0 | Q32: 0 | R32: 0 | S32: 0
E33: Bongo | G33: 5658 | H33: 2319 | I33: 0 | L33: 0 | M33: 52 | N33: 1286 | O33: 1437 | P33: 177 | Q33: 387 | R33: 0 | S33: 0
E34: Bongo EV | G34: 310 | H34: 310 | I34: 0 | L34: 0 | M34: 0 | N34: 0 | O34: 0 | P34: 0 | Q34: 0 | R34: 0 | S34: 0
E35: Bus | G35: 114 | H35: 114 | I35: 0 | L35: 0 | M35: 0 | N35: 0 | O35: 0 | P35: 0 | Q35: 0 | R35: 0 | S35: 0
E36: PV5 | G36: 0 | H36: 0 | I36: 0 | L36: 0 | M36: 0 | N36: 0 | O36: 0 | P36: 0 | Q36: 0 | R36: 0 | S36: 0
B37: Korea Plants | G37: 132186 | H37: 45003 | I37: 34102 | J37: 6733 | K37: 599 | L37: 23393 | M37: 2325 | N37: 5033 | O37: 5889 | P37: 1282 | Q37: 7777 | R37: 49 | S37: 1
E38: Optima / K5 | G38: 0 | H38: 0 | I38: 0 | J38: 0 | K38: 0 | L38: 0 | M38: 0 | N38: 0 | O38: 0 | P38: 0 | Q38: 0 | R38: 0 | S38: 0
E39: Sportage | G39: 11446 | H39: 0 | I39: 11434 | J39: 0 | K39: 0 | L39: 0 | M39: 0 | N39: 12 | Q39: 0 | R39: 0 | S39: 0
E40: Sorento | G40: 8728 | H40: 0 | I40: 7313 | J40: 1175 | K40: 185 | L40: 0 | M40: 0 | N40: 53 | O40: 0 | P40: 0 | Q40: 2 | R40: 0 | S40: 0
E41: Telluride | G41: 12046 | H41: 0 | I41: 11560 | J41: 369 | K41: 40 | L41: 0 | M41: 0 | N41: 20 | O41: 57 | P41: 0 | Q41: 0 | R41: 0 | S41: 0
E42: EV6 | G42: 882 | H42: 0 | I42: 709 | J42: 173 | K42: 0 | L42: 0 | M42: 0 | N42: 0 | Q42: 0 | R42: 0 | S42: 0
E43: EV9 | G43: 21 | H43: 0 | I43: 19 | J43: 0 | K43: 0 | L43: 0 | M43: 0 | N43: 2 | O43: 0 | P43: 0 | Q43: 0 | R43: 0 | S43: 0
B44: U.S. Plant | G44: 33123 | H44: 0 | I44: 31035 | J44: 1717 | K44: 225 | L44: 0 | M44: 0 | N44: 87 | O44: 57 | P44: 0 | Q44: 2 | R44: 0 | S44: 0
E45: EV2 | G45: 0 | H45: 0 | I45: 0 | L45: 0 | M45: 0 | N45: 0 | O45: 0 | P45: 0 | Q45: 0 | R45: 0 | S45: 0
E46: EV4 | G46: 0 | H46: 0 | I46: 0 | L46: 0 | M46: 0 | N46: 0 | O46: 0 | P46: 0 | Q46: 0 | R46: 0 | S46: 0
E47: Cee'd | G47: 6112 | H47: 0 | I47: 0 | J47: 0 | K47: 0 | L47: 5794 | M47: 284 | N47: 1 | O47: 0 | P47: 7 | Q47: 26 | R47: 0 | S47: 0
E48: Cee'd CUV | G48: 2821 | H48: 0 | I48: 0 | J48: 0 | K48: 0 | L48: 2236 | M48: 319 | N48: 9 | O48: 0 | P48: 257 | Q48: 0 | R48: 0 | S48: 0
E49: Sportage | G49: 15186 | H49: 0 | I49: 0 | J49: 0 | K49: 0 | L49: 11553 | M49: 813 | N49: 356 | O49: 1494 | P49: 970 | Q49: 0 | R49: 0 | S49: 0
B50: Slovakia Plant | G50: 24119 | H50: 0 | I50: 0 | J50: 0 | K50: 0 | L50: 19583 | M50: 1416 | N50: 366 | O50: 1494 | P50: 1234 | Q50: 26 | R50: 0 | S50: 0
E51: Rio (Pride) | G51: 0 | H51: 0 | I51: 0 | J51: 0 | K51: 0 | L51: 0 | M51: 0 | N51: 0 | O51: 0 | P51: 0 | Q51: 0 | R51: 0 | S51: 0
E52: K3 | G52: 6545 | H52: 0 | I52: 0 | J52: 1 | K52: 4471 | L52: 0 | M52: 0 | N52: 1685 | O52: 311 | P52: 77 | Q52: 0 | R52: 0 | S52: 0
E53: K4 | G53: 17838 | H53: 0 | I53: 13870 | J53: 1394 | K53: 1233 | L53: 1 | M53: 0 | N53: 130 | O53: 629 | P53: 0 | Q53: 581 | R53: 0 | S53: 0
B54: Mexico Plant | G54: 24383 | H54: 0 | I54: 13870 | J54: 1395 | K54: 5704 | L54: 1 | M54: 0 | N54: 1815 | O54: 940 | P54: 77 | Q54: 581 | R54: 0 | S54: 0
E55: Rio (Pride) | G55: 0
B56: *Russia Plant (HMMR) | G56: 0 | H56: 0 | I56: 0 | J56: 0 | K56: 0 | L56: 0 | M56: 0 | N56: 0 | O56: 0 | P56: 0 | Q56: 0 | R56: 0 | S56: 0
E57: Pegas | G57: 6179 | H57: 0 | I57: 0 | L57: 0 | M57: 0 | N57: 2161 | O57: 3505 | P57: 359 | Q57: 148 | R57: 0 | S57: 6
E58: Forte | G58: 651 | H58: 0 | I58: 0 | L58: 0 | M58: 0 | N58: 0 | Q58: 0 | R58: 0 | S58: 651
E59: K3 | G59: 404 | H59: 0 | I59: 0 | J59: 0 | K59: 0 | L59: 0 | M59: 0 | N59: 0 | O59: 0 | P59: 0 | Q59: 0 | R59: 0 | S59: 404
E60: K5 | G60: 548 | H60: 0 | I60: 0 | L60: 0 | M60: 475 | N60: 0 | Q60: 0 | R60: 0 | S60: 73
E61: KX1 | G61: 1993 | H61: 0 | I61: 0 | L61: 0 | M61: 0 | N61: 0 | Q61: 0 | R61: 0 | S61: 1993
E62: Sonet | G62: 3436 | H62: 0 | I62: 0 | J62: 0 | K62: 1106 | L62: 0 | M62: 0 | N62: 1213 | O62: 449 | P62: 93 | Q62: 499 | R62: 0 | S62: 76
E63: KX3 / Seltos | G63: 4630 | H63: 0 | I63: 0 | J63: 0 | K63: 1219 | L63: 0 | M63: 0 | N63: 765 | O63: 790 | P63: 142 | Q63: 83 | R63: 0 | S63: 1631
E64: Zhipao | G64: 176 | H64: 0 | I64: 0 | L64: 0 | M64: 0 | N64: 0 | Q64: 0 | R64: 0 | S64: 176
E65: Sportage | G65: 2202 | H65: 0 | I65: 0 | J65: 0 | K65: 0 | L65: 0 | M65: 0 | N65: 0 | O65: 927 | P65: 0 | Q65: 0 | R65: 0 | S65: 1275
E66: Carnival | G66: 139 | H66: 0 | I66: 0 | L66: 0 | M66: 0 | N66: 0 | O66: 0 | P66: 0 | Q66: 0 | R66: 0 | S66: 139
E67: EV5 | G67: 1234 | H67: 0 | I67: 0 | L67: 0 | M67: 0 | N67: 110 | O67: 4 | P67: 17 | Q67: 775 | R67: 0 | S67: 328
B68: China Plants | G68: 21592 | H68: 0 | I68: 0 | J68: 0 | K68: 2325 | L68: 0 | M68: 475 | N68: 4249 | O68: 5675 | P68: 611 | Q68: 1505 | R68: 0 | S68: 6752
E69: Syros | G69: 1942 | H69: 0 | I69: 0 | J69: 0 | K69: 0 | L69: 0 | M69: 0 | N69: 0 | O69: 0 | P69: 0 | Q69: 0 | R69: 1942 | S69: 0
E70: Sonet | G70: 8308 | H70: 0 | I70: 0 | L70: 0 | M70: 0 | N70: 68 | O70: 0 | P70: 682 | Q70: 84 | R70: 7474 | S70: 0
E71: Seltos | G71: 5976 | H71: 0 | I71: 0 | J71: 0 | K71: 0 | L71: 0 | M71: 0 | N71: 124 | O71: 0 | P71: 276 | Q71: 92 | R71: 5484 | S71: 0
E72: Carens MPV | G72: 6199 | H72: 0 | I72: 0 | L72: 0 | M72: 49 | N72: 141 | O72: 563 | P72: 64 | Q72: 18 | R72: 5364 | S72: 0
E73: Carens MPV EV | G73: 0 | H73: 0 | I73: 0 | L73: 0 | M73: 0 | N73: 0 | O73: 0 | P73: 0 | Q73: 0 | S73: 0
E74: Carnival (CKD) | G74: 101 | H74: 0 | I74: 0 | L74: 0 | M74: 0 | N74: 0 | O74: 0 | P74: 0 | Q74: 0 | R74: 101 | S74: 0
B75: India Plant | G75: 22526 | H75: 0 | I75: 0 | J75: 0 | K75: 0 | L75: 0 | M75: 49 | N75: 333 | O75: 563 | P75: 1022 | Q75: 194 | R75: 20365 | S75: 0
E76: EV5 | G76: 0 | H76: 0 | I76: 0 | L76: 0 | M76: 0 | N76: 0 | Q76: 0 | R76: 0 | S76: 0
B77: HMGICs Plant | G77: 0 | H77: 0 | I77: 0 | J77: 0 | K77: 0 | L77: 0 | M77: 0 | N77: 0 | O77: 0 | P77: 0 | Q77: 0 | R77: 0 | S77: 0
E79: Morning / Picanto | G79: 163 | H79: 0 | I79: 0 | L79: 0 | M79: 0 | N79: 0 | O79: 159 | P79: 0 | Q79: 4 | R79: 0 | S79: 0
E80: Pegas | G80: 19 | H80: 0 | I80: 0 | L80: 0 | M80: 0 | N80: 0 | Q80: 19 | R80: 0 | S80: 0
E81: K3 | G81: 432 | H81: 0 | I81: 0 | L81: 0 | M81: 260 | N81: 0 | Q81: 172 | R81: 0 | S81: 0
E82: K4 | G82: 0 | H82: 0 | I82: 0 | L82: 0 | M82: 0 | N82: 0 | Q82: 0 | R82: 0 | S82: 0
E83: K5 | G83: 22 | H83: 0 | I83: 0 | L83: 0 | M83: 0 | N83: 0 | Q83: 22 | R83: 0 | S83: 0
E84: K8 | G84: 0 | H84: 0 | I84: 0 | J84: 0 | K84: 0 | L84: 0 | M84: 0 | N84: 0 | O84: 0 | P84: 0 | Q84: 0 | R84: 0 | S84: 0
E85: Sonet | G85: 2158 | H85: 0 | I85: 0 | L85: 0 | M85: 1350 | N85: 382 | Q85: 426 | R85: 0 | S85: 0
E86: Stonic | G86: 358 | H86: 0 | I86: 0 | L86: 0 | M86: 0 | N86: 0 | O86: 358 | P86: 0 | Q86: 0 | R86: 0 | S86: 0
E87: Seltos | G87: 415 | H87: 0 | I87: 0 | L87: 0 | M87: 4 | N87: 0 | Q87: 411 | R87: 0 | S87: 0
E88: Soul | G88: 0 | H88: 0 | I88: 0 | L88: 0 | M88: 0 | N88: 0 | Q88: 0 | R88: 0 | S88: 0
E89: Niro | G89: 0 | H89: 0 | I89: 0 | J89: 0 | K89: 0 | L89: 0 | M89: 0 | N89: 0 | O89: 0 | P89: 0 | Q89: 0 | R89: 0 | S89: 0
E90: EV6 | G90: 0 | H90: 0 | I90: 0 | L90: 0 | M90: 0 | N90: 0 | Q90: 0 | R90: 0 | S90: 0
E91: EV9 | G91: 0 | H91: 0 | I91: 0 | L91: 0 | M91: 0 | N91: 0 | Q91: 0 | R91: 0 | S91: 0
E92: Sportage | G92: 1539 | H92: 0 | I92: 0 | J92: 0 | K92: 0 | L92: 0 | M92: 900 | N92: 0 | O92: 378 | P92: 0 | Q92: 261 | R92: 0 | S92: 0
E93: Sorento | G93: 185 | H93: 0 | I93: 0 | J93: 0 | K93: 0 | L93: 0 | M93: 0 | N93: 0 | O93: 64 | P93: 0 | Q93: 121 | R93: 0 | S93: 0
E94: Carens MPV | G94: 317 | H94: 0 | I94: 0 | L94: 0 | M94: 0 | N94: 0 | Q94: 317 | R94: 0 | S94: 0
E95: Carnival | G95: 547 | H95: 0 | I95: 0 | J95: 0 | K95: 0 | L95: 0 | M95: 0 | N95: 0 | O95: 0 | P95: 0 | Q95: 547 | R95: 0 | S95: 0
E96: Tasman | G96: 0 | H96: 0 | I96: 0 | L96: 0 | M96: 0 | N96: 0 | Q96: 0 | R96: 0 | S96: 0
E97: Bongo | G97: 1568 | H97: 0 | I97: 0 | L97: 0 | M97: 0 | N97: 240 | Q97: 1328 | R97: 0 | S97: 0
B98: CKD | G98: 7723 | H98: 0 | I98: 0 | J98: 0 | K98: 0 | L98: 0 | M98: 2514 | N98: 622 | O98: 959 | P98: 0 | Q98: 3628 | R98: 0 | S98: 0
E100: Tasman | G100: 0 | H100: 0 | I100: 0 | L100: 0 | M100: 0 | N100: 0 | O100: 0 | P100: 0 | Q100: 0 | R100: 0 | S100: 0
E101: Bongo | G101: 7 | H101: 0 | I101: 0 | L101: 0 | M101: 1 | N101: 0 | O101: 0 | P101: 2 | Q101: 4 | R101: 0 | S101: 0
E102: Millitary | G102: 174 | H102: 122 | I102: 0 | J102: 0 | K102: 0 | L102: 0 | M102: 1 | N102: 0 | O102: 0 | P102: 51 | Q102: 0 | R102: 0 | S102: 0
E103: Bus | G103: 0 | H103: 0 | I103: 0 | L103: 0 | M103: 0 | N103: 0 | O103: 0 | P103: 0 | Q103: 0 | R103: 0 | S103: 0
...

Sheet June
Q1: June. 2025, Kia IR
B2: ]
B3: Retail Sales by Country_2025 | S3: (Units, %)
B4: Model / Plant | G4: Total | H4: Korea | I4: U.S.A | J4: Canada | K4: Mexico | L4: *Europe | M4: Eastern Europe | N4: Latin America | O4: Middle East | P4: Africa | Q4: Asia Pacific | R4: India | S4: China
E6: Morning / Picanto | G6: 12144 | H6: 1204 | I6: 0 | L6: 6548 | M6: 56 | N6: 1477 | O6: 1486 | P6: 460 | Q6: 913 | R6: 0 | S6: 0
E7: Pride / Rio | G7: 0 | H7: 0 | I7: 0 | L7: 0 | M7: 0 | N7: 0 | O7: 0 | P7: 0 | Q7: 0 | R7: 0 | S7: 0
E8: Ray | G8: 2955 | H8: 2955 | I8: 0 | L8: 0 | M8: 0 | N8: 0 | Q8: 0 | R8: 0 | S8: 0
E9: Ray EV | G9: 1305 | H9: 1305 | I9: 0 | L9: 0 | M9: 0 | N9: 0 | Q9: 0 | R9: 0 | S9: 0
E10: K3 | G10: 45 | H10: 0 | I10: 0 | J10: 1 | K10: 0 | L10: 0 | M10: 3 | N10: 0 | O10: 6 | P10: 0 | Q10: 35 | R10: 0 | S10: 0
E11: K5 | G11: 9208 | H11: 2873 | I11: 5613 | J11: 0 | K11: 0 | L11: 0 | M11: 11 | N11: 11 | O11: 696 | P11: 0 | Q11: 4 | R11: 0 | S11: 0
E12: Stinger | G12: 0 | H12: 0 | I12: 0 | J12: 0 | K12: 0 | L12: 0 | M12: 0 | N12: 0 | O12: 0 | P12: 0 | Q12: 0 | R12: 0 | S12: 0
E13: K8 | G13: 2479 | H13: 2423 | I13: 0 | J13: 0 | K13: 0 | L13: 0 | M13: 16 | N13: 0 | O13: 40 | P13: 0 | Q13: 0 | R13: 0 | S13: 0
E14: K9 | G14: 93 | H14: 92 | I14: 0 | J14: 0 | K14: 0 | L14: 0 | M14: 1 | N14: 0 | O14: 0 | P14: 0 | Q14: 0 | R14: 0 | S14: 0
E15: Stonic | G15: 6484 | H15: 0 | I15: 0 | L15: 4743 | M15: 439 | N15: 128 | O15: 228 | P15: 225 | Q15: 721 | R15: 0 | S15: 0
E16: Seltos | G16: 14146 | H16: 5100 | I16: 4259 | J16: 2874 | K16: 0 | L16: 0 | M16: 181 | N16: 402 | O16: 136 | P16: 0 | Q16: 1194 | R16: 0 | S16: 0
E17: Soul | G17: 5379 | H17: 0 | I17: 4737 | J17: 2 | K17: 0 | L17: 0 | M17: 35 | N17: 600 | O17: 0 | P17: 0 | Q17: 5 | R17: 0 | S17: 0
E18: Soul EV | G18: 29 | H18: 0 | I18: 0 | J18: 0 | K18: 0 | L18: 29 | M18: 0 | N18: 0 | O18: 0 | P18: 0 | Q18: 0 | R18: 0 | S18: 0
E19: Niro | G19: 7382 | H19: 999 | I19: 1485 | J19: 808 | K19: 56 | L19: 3552 | M19: 4 | N19: 143 | O19: 151 | P19: 92 | Q19: 92 | R19: 0 | S19: 0
E20: Niro EV | G20: 1695 | H20: 8 | I20: 481 | J20: 274 | K20: 0 | L20: 921 | M20: 6 | N20: 0 | O20: 0 | P20: 0 | Q20: 5 | R20: 0 | S20: 0
E21: Niro Plus | G21: 0 | H21: 0 | I21: 0 | L21: 0 | M21: 0 | N21: 0 | O21: 0 | P21: 0 | Q21: 0 | R21: 0 | S21: 0
E22: Niro Plus EV | G22: 1 | H22: 0 | I22: 0 | L22: 0 | M22: 0 | N22: 0 | O22: 0 | P22: 0 | Q22: 1 | R22: 0 | S22: 0
E23: EV3 | G23: 8444 | H23: 1884 | I23: 0 | L23: 5538 | M23: 626 | N23: 37 | O23: 0 | P23: 6 | Q23: 353 | R23: 0 | S23: 0
E24: EV4 | G24: 1073 | H24: 1073 | I24: 0 | J24: 0 | K24: 0 | L24: 0 | M24: 0 | N24: 0 | O24: 0 | P24: 0 | Q24: 0 | R24: 0 | S24: 0
E25: EV5 | G25: 0 | H25: 0 | I25: 0 | L25: 0 | M25: 0 | N25: 0 | O25: 0 | P25: 0 | Q25: 0 | R25: 0 | S25: 0
E26: EV6 | G26: 2697 | H26: 727 | I26: 14 | J26: 0 | K26: 11 | L26: 1623 | M26: 163 | N26: 1 | O26: 4 | P26: 39 | Q26: 55 | R26: 46 | S26: 14
E27: EV9 | G27: 1249 | H27: 113 | I27: 4 | J27: 307 | K27: 0 | L27: 740 | M27: 15 | N27: 4 | O27: 5 | P27: 7 | Q27: 54 | R27: 0 | S27: 0
E28: Sportage | G28: 17565 | H28: 6363 | I28: 4738 | J28: 2212 | K28: 768 | L28: 0 | M28: 423 | N28: 583 | O28: 140 | P28: 0 | Q28: 2338 | R28: 0 | S28: 0
E29: Sorento | G29: 13607 | H29: 7923 | I29: 1364 | J29: 455 | K29: 0 | L29: 1023 | M29: 283 | N29: 171 | O29: 1116 | P29: 87 | Q29: 1185 | R29: 0 | S29: 0
E30: Mohave | G30: 19 | H30: 0 | I30: 0 | L30: 0 | M30: 19 | N30: 0 | Q30: 0 | R30: 0 | S30: 0
E31: Carnival | G31: 14211 | H31: 6714 | I31: 5198 | J31: 581 | K31: 0 | L31: 0 | M31: 35 | N31: 220 | O31: 214 | P31: 23 | Q31: 1226 | R31: 0 | S31: 0
E32: Tasman | G32: 1510 | H32: 1302 | I32: 0 | L32: 0 | M32: 0 | N32: 0 | O32: 0 | P32: 1 | Q32: 207 | R32: 0 | S32: 0
E33: Bongo | G33: 5568 | H33: 2575 | I33: 0 | L33: 0 | M33: 59 | N33: 1173 | O33: 1389 | P33: 162 | Q33: 210 | R33: 0 | S33: 0
E34: Bongo EV | G34: 255 | H34: 255 | I34: 0 | L34: 0 | M34: 0 | N34: 0 | O34: 0 | P34: 0 | Q34: 0 | R34: 0 | S34: 0
E35: Bus | G35: 115 | H35: 115 | I35: 0 | L35: 0 | M35: 0 | N35: 0 | O35: 0 | P35: 0 | Q35: 0 | R35: 0 | S35: 0
E36: PV5 | G36: 0 | H36: 0 | I36: 0 | L36: 0 | M36: 0 | N36: 0 | O36: 0 | P36: 0 | Q36: 0 | R36: 0 | S36: 0
B37: Korea Plants | G37: 129658 | H37: 46003 | I37: 27893 | J37: 7514 | K37: 835 | L37: 24717 | M37: 2375 | N37: 4950 | O37: 5611 | P37: 1102 | Q37: 8598 | R37: 46 | S37: 14
E38: Optima / K5 | G38: 1 | H38: 0 | I38: 0 | J38: 1 | K38: 0 | L38: 0 | M38: 0 | N38: 0 | O38: 0 | P38: 0 | Q38: 0 | R38: 0 | S38: 0
E39: Sportage | G39: 7923 | H39: 0 | I39: 7892 | J39: 0 | K39: 0 | L39: 0 | M39: 0 | N39: 31 | Q39: 0 | R39: 0 | S39: 0
E40: Sorento | G40: 6565 | H40: 0 | I40: 5686 | J40: 685 | K40: 150 | L40: 0 | M40: 0 | N40: 44 | O40: 0 | P40: 0 | Q40: 0 | R40: 0 | S40: 0
E41: Telluride | G41: 9568 | H41: 0 | I41: 9239 | J41: 224 | K41: 28 | L41: 0 | M41: 0 | N41: 5 | O41: 69 | P41: 0 | Q41: 3 | R41: 0 | S41: 0
E42: EV6 | G42: 796 | H42: 0 | I42: 666 | J42: 130 | K42: 0 | L42: 0 | M42: 0 | N42: 0 | Q42: 0 | R42: 0 | S42: 0
E43: EV9 | G43: 911 | H43: 0 | I43: 909 | J43: 0 | K43: 0 | L43: 0 | M43: 0 | N43: 2 | O43: 0 | P43: 0 | Q43: 0 | R43: 0 | S43: 0
B44: U.S. Plant | G44: 25764 | H44: 0 | I44: 24392 | J44: 1040 | K44: 178 | L44: 0 | M44: 0 | N44: 82 | O44: 69 | P44: 0 | Q44: 3 | R44: 0 | S44: 0
E45: EV2 | G45: 0 | H45: 0 | I45: 0 | L45: 0 | M45: 0 | N45: 0 | O45: 0 | P45: 0 | Q45: 0 | R45: 0 | S45: 0
E46: EV4 | G46: 2 | H46: 0 | I46: 0 | L46: 2 | M46: 0 | N46: 0 | O46: 0 | P46: 0 | Q46: 0 | R46: 0 | S46: 0
E47: Cee'd | G47: 6927 | H47: 0 | I47: 0 | J47: 0 | K47: 0 | L47: 6555 | M47: 318 | N47: 6 | O47: 0 | P47: 16 | Q47: 32 | R47: 0 | S47: 0
E48: Cee'd CUV | G48: 2349 | H48: 0 | I48: 0 | J48: 0 | K48: 0 | L48: 1993 | M48: 246 | N48: 13 | O48: 0 | P48: 97 | Q48: 0 | R48: 0 | S48: 0
E49: Sportage | G49: 16228 | H49: 0 | I49: 0 | J49: 0 | K49: 0 | L49: 12552 | M49: 941 | N49: 306 | O49: 1393 | P49: 1036 | Q49: 0 | R49: 0 | S49: 0
B50: Slovakia Plant | G50: 25506 | H50: 0 | I50: 0 | J50: 0 | K50: 0 | L50: 21102 | M50: 1505 | N50: 325 | O50: 1393 | P50: 1149 | Q50: 32 | R50: 0 | S50: 0
E51: Rio (Pride) | G51: 0 | H51: 0 | I51: 0 | J51: 0 | K51: 0 | L51: 0 | M51: 0 | N51: 0 | O51: 0 | P51: 0 | Q51: 0 | R51: 0 | S51: 0
E52: K3 | G52: 6910 | H52: 0 | I52: 16 | J52: 4 | K52: 4909 | L52: 0 | M52: 0 | N52: 1669 | O52: 312 | P52: 0 | Q52: 0 | R52: 0 | S52: 0
E53: K4 | G53: 15928 | H53: 0 | I53: 11548 | J53: 1737 | K53: 1113 | L53: 0 | M53: 0 | N53: 91 | O53: 662 | P53: 0 | Q53: 777 | R53: 0 | S53: 0
B54: Mexico Plant | G54: 22838 | H54: 0 | I54: 11564 | J54: 1741 | K54: 6022 | L54: 0 | M54: 0 | N54: 1760 | O54: 974 | P54: 0 | Q54: 777 | R54: 0 | S54: 0
E55: Rio (Pride) | G55: 1 | H55: 0 | I55: 0 | L55: 0 | M55: 1 | N55: 0 | Q55: 0 | R55: 0 | S55: 0
B56: *Russia Plant (HMMR) | G56: 1 | H56: 0 | I56: 0 | J56: 0 | K56: 0 | L56: 0 | M56: 1 | N56: 0 | O56: 0 | P56: 0 | Q56: 0 | R56: 0 | S56: 0
E57: Pegas | G57: 5065 | H57: 0 | I57: 0 | L57: 0 | M57: 0 | N57: 2287 | O57: 2375 | P57: 216 | Q57: 182 | R57: 0 | S57: 5
E58: Forte | G58: 1388 | H58: 0 | I58: 0 | L58: 0 | M58: 0 | N58: 0 | Q58: 0 | R58: 0 | S58: 1388
E59: K3 | G59: 555 | H59: 0 | I59: 0 | J59: 0 | K59: 0 | L59: 0 | M59: 0 | N59: 0 | O59: 0 | P59: 0 | Q59: 0 | R59: 0 | S59: 555
E60: K5 | G60: 560 | H60: 0 | I60: 0 | L60: 0 | M60: 443 | N60: 0 | Q60: 0 | R60: 0 | S60: 117
E61: KX1 | G61: 1791 | H61: 0 | I61: 0 | L61: 0 | M61: 0 | N61: 0 | Q61: 0 | R61: 0 | S61: 1791
E62: Sonet | G62: 3492 | H62: 0 | I62: 0 | J62: 0 | K62: 1063 | L62: 0 | M62: 0 | N62: 1058 | O62: 587 | P62: 252 | Q62: 515 | R62: 0 | S62: 17
E63: KX3 / Seltos | G63: 4715 | H63: 0 | I63: 0 | J63: 0 | K63: 1312 | L63: 0 | M63: 0 | N63: 843 | O63: 889 | P63: 185 | Q63: 89 | R63: 0 | S63: 1397
E64: Zhipao | G64: 139 | H64: 0 | I64: 0 | L64: 0 | M64: 0 | N64: 0 | Q64: 0 | R64: 0 | S64: 139
E65: Sportage | G65: 2496 | H65: 0 | I65: 0 | J65: 0 | K65: 0 | L65: 0 | M65: 0 | N65: 0 | O65: 1030 | P65: 0 | Q65: 0 | R65: 0 | S65: 1466
E66: Carnival | G66: 96 | H66: 0 | I66: 0 | L66: 0 | M66: 0 | N66: 0 | O66: 0 | P66: 0 | Q66: 0 | R66: 0 | S66: 96
E67: EV5 | G67: 948 | H67: 0 | I67: 0 | L67: 0 | M67: 0 | N67: 116 | O67: 4 | P67: 8 | Q67: 611 | R67: 0 | S67: 209
B68: China Plants | G68: 21245 | H68: 0 | I68: 0 | J68: 0 | K68: 2375 | L68: 0 | M68: 443 | N68: 4304 | O68: 4885 | P68: 661 | Q68: 1397 | R68: 0 | S68: 7180
E69: Syros | G69: 1747 | H69: 0 | I69: 0 | J69: 0 | K69: 0 | L69: 0 | M69: 0 | N69: 0 | O69: 0 | P69: 0 | Q69: 0 | R69: 1747 | S69: 0
E70: Sonet | G70: 7127 | H70: 0 | I70: 0 | L70: 0 | M70: 0 | N70: 33 | O70: 0 | P70: 841 | Q70: 209 | R70: 6044 | S70: 0
E71: Seltos | G71: 5529 | H71: 0 | I71: 0 | J71: 0 | K71: 0 | L71: 0 | M71: 0 | N71: 121 | O71: 0 | P71: 282 | Q71: 57 | R71: 5069 | S71: 0
E72: Carens MPV | G72: 7351 | H72: 0 | I72: 0 | L72: 0 | M72: 49 | N72: 200 | O72: 249 | P72: 50 | Q72: 22 | R72: 6781 | S72: 0
E73: Carens MPV EV | G73: 0 | H73: 0 | I73: 0 | L73: 0 | M73: 0 | N73: 0 | O73: 0 | P73: 0 | Q73: 0 | R73: 0 | S73: 0
E74: Carnival (CKD) | G74: 87 | H74: 0 | I74: 0 | L74: 0 | M74: 0 | N74: 0 | O74: 0 | P74: 0 | Q74: 0 | R74: 87 | S74: 0
B75: India Plant | G75: 21841 | H75: 0 | I75: 0 | J75: 0 | K75: 0 | L75: 0 | M75: 49 | N75: 354 | O75: 249 | P75: 1173 | Q75: 288 | R75: 19728 | S75: 0
E76: EV5 | G76: 5 | H76: 0 | I76: 0 | L76: 0 | M76: 0 | N76: 0 | Q76: 5 | R76: 0 | S76: 0
B77: HMGICs Plant | G77: 5 | H77: 0 | I77: 0 | J77: 0 | K77: 0 | L77: 0 | M77: 0 | N77: 0 | O77: 0 | P77: 0 | Q77: 5 | R77: 0 | S77: 0
E79: Morning / Picanto | G79: 131 | H79: 0 | I79: 0 | L79: 0 | M79: 0 | N79: 0 | O79: 126 | P79: 0 | Q79: 5 | R79: 0 | S79: 0
E80: Pegas | G80: 29 | H80: 0 | I80: 0 | L80: 0 | M80: 0 | N80: 0 | Q80: 29 | R80: 0 | S80: 0
E81: K3 | G81: 373 | H81: 0 | I81: 0 | L81: 0 | M81: 256 | N81: 0 | Q81: 117 | R81: 0 | S81: 0
E82: K4 | G82: 0 | H82: 0 | I82: 0 | L82: 0 | M82: 0 | N82: 0 | Q82: 0 | R82: 0 | S82: 0
E83: K5 | G83: 20 | H83: 0 | I83: 0 | L83: 0 | M83: 0 | N83: 0 | Q83: 20 | R83: 0 | S83: 0
E84: K8 | G84: 0 | H84: 0 | I84: 0 | J84: 0 | K84: 0 | L84: 0 | M84: 0 | N84: 0 | O84: 0 | P84: 0 | Q84: 0 | R84: 0 | S84: 0
E85: Sonet | G85: 2183 | H85: 0 | I85: 0 | L85: 0 | M85: 1410 | N85: 322 | Q85: 451 | R85: 0 | S85: 0
E86: Stonic | G86: 338 | H86: 0 | I86: 0 | L86: 0 | M86: 0 | N86: 0 | O86: 338 | P86: 0 | Q86: 0 | R86: 0 | S86: 0
E87: Seltos | G87: 547 | H87: 0 | I87: 0 | L87: 0 | M87: 46 | N87: 0 | Q87: 501 | R87: 0 | S87: 0
E88: Soul | G88: 19 | H88: 0 | I88: 0 | L88: 0 | M88: 19 | N88: 0 | Q88: 0 | R88: 0 | S88: 0
E89: Niro | G89: 0 | H89: 0 | I89: 0 | J89: 0 | K89: 0 | L89: 0 | M89: 0 | N89: 0 | O89: 0 | P89: 0 | Q89: 0 | R89: 0 | S89: 0
E90: EV6 | G90: 0 | H90: 0 | I90: 0 | L90: 0 | M90: 0 | N90: 0 | Q90: 0 | R90: 0 | S90: 0
E91: EV9 | G91: 0 | H91: 0 | I91: 0 | L91: 0 | M91: 0 | N91: 0 | Q91: 0 | R91: 0 | S91: 0
E92: Sportage | G92: 1661 | H92: 0 | I92: 0 | J92: 0 | K92: 0 | L92: 0 | M92: 890 | N92: 0 | O92: 569 | P92: 0 | Q92: 202 | R92: 0 | S92: 0
E93: Sorento | G93: 245 | H93: 0 | I93: 0 | J93: 0 | K93: 0 | L93: 0 | M93: 0 | N93: 0 | O93: 104 | P93: 0 | Q93: 141 | R93: 0 | S93: 0
E94: Carens MPV | G94: 364 | H94: 0 | I94: 0 | L94: 0 | M94: 0 | N94: 0 | Q94: 364 | R94: 0 | S94: 0
E95: Carnival | G95: 552 | H95: 0 | I95: 0 | J95: 0 | K95: 0 | L95: 0 | M95: 0 | N95: 0 | O95: 0 | P95: 0 | Q95: 552 | R95: 0 | S95: 0
E96: Tasman | G96: 0 | H96: 0 | I96: 0 | L96: 0 | M96: 0 | N96: 0 | Q96: 0 | R96: 0 | S96: 0
E97: Bongo | G97: 1132 | H97: 0 | I97: 0 | L97: 0 | M97: 0 | N97: 208 | Q97: 924 | R97: 0 | S97: 0
B98: CKD | G98: 7594 | H98: 0 | I98: 0 | J98: 0 | K98: 0 | L98: 0 | M98: 2621 | N98: 530 | O98: 1137 | P98: 0 | Q98: 3306 | R98: 0 | S98: 0
E100: Tasman | G100: 0 | H100: 0 | I100: 0 | L100: 0 | M100: 0 | N100: 0 | O100: 0 | P100: 0 | Q100: 0 | R100: 0 | S100: 0
E101: Bongo | G101: 104 | H101: 0 | I101: 0 | L101: 0 | M101: 0 | N101: 0 | O101: 0 | P101: 0 | Q101: 104 | R101: 0 | S101: 0
E102: Millitary | G102: 372 | H102: 322 | I102: 0 | J102: 0 | K102: 0 | L102: 0 | M102: 0 | N102: 0 | O102: 0 | P102: 50 | Q102: 0 | R102: 0 | S102: 0
E103: Bus | G103: 0 | H103: 0 | I103: 0 | L103: 0 | M103: 0 | N103: 0 | O103: 0 | P103: 0 | Q103: 0 | R103: 0 | S103: 0
...

Sheet July
Q1: July. 2025, Kia IR
B2: ]
B3: Retail Sales by Country_2025 | S3: (Units, %)
B4: Model / Plant | G4: Total | H4: Korea | I4: U.S.A | J4: Canada | K4: Mexico | L4: *Europe | M4: Eastern Europe | N4: Latin America | O4: Middle East | P4: Africa | Q4: Asia Pacific | R4: India | S4: China
E6: Morning / Picanto | G6: 9683 | H6: 838 | I6: 0 | L6: 5645 | M6: 91 | N6: 1371 | O6: 96 | P6: 859 | Q6: 783 | R6: 0 | S6: 0
E7: Pride / Rio | G7: 0 | H7: 0 | I7: 0 | L7: 0 | M7: 0 | N7: 0 | O7: 0 | P7: 0 | Q7: 0 | R7: 0 | S7: 0
E8: Ray | G8: 2327 | H8: 2327 | I8: 0 | L8: 0 | M8: 0 | N8: 0 | Q8: 0 | R8: 0 | S8: 0
E9: Ray EV | G9: 1442 | H9: 1442 | I9: 0 | L9: 0 | M9: 0 | N9: 0 | Q9: 0 | R9: 0 | S9: 0
E10: K3 | G10: 10 | H10: 0 | I10: 0 | J10: 3 | K10: 0 | L10: 0 | M10: 3 | N10: 1 | O10: 3 | P10: 0 | Q10: 0 | R10: 0 | S10: 0
E11: K5 | G11: 9504 | H11: 2868 | I11: 5879 | J11: 0 | K11: 0 | L11: 0 | M11: 6 | N11: 9 | O11: 742 | P11: 0 | Q11: 0 | R11: 0 | S11: 0
E12: Stinger | G12: 0 | H12: 0 | I12: 0 | J12: 0 | K12: 0 | L12: 0 | M12: 0 | N12: 0 | O12: 0 | P12: 0 | Q12: 0 | R12: 0 | S12: 0
E13: K8 | G13: 2177 | H13: 2090 | I13: 0 | J13: 0 | K13: 0 | L13: 0 | M13: 20 | N13: 0 | O13: 62 | P13: 0 | Q13: 5 | R13: 0 | S13: 0
E14: K9 | G14: 116 | H14: 113 | I14: 0 | J14: 0 | K14: 0 | L14: 0 | M14: 2 | N14: 0 | O14: 1 | P14: 0 | Q14: 0 | R14: 0 | S14: 0
E15: Stonic | G15: 5606 | H15: 0 | I15: 0 | L15: 4080 | M15: 212 | N15: 110 | O15: 284 | P15: 322 | Q15: 598 | R15: 0 | S15: 0
E16: Seltos | G16: 13824 | H16: 4921 | I16: 4917 | J16: 2137 | K16: 0 | L16: 0 | M16: 148 | N16: 432 | O16: 196 | P16: 0 | Q16: 1073 | R16: 0 | S16: 0
E17: Soul | G17: 4991 | H17: 0 | I17: 4665 | J17: 4 | K17: 0 | L17: 0 | M17: 50 | N17: 258 | O17: 0 | P17: 0 | Q17: 14 | R17: 0 | S17: 0
E18: Soul EV | G18: 1 | H18: 0 | I18: 0 | J18: 0 | K18: 0 | L18: 1 | M18: 0 | N18: 0 | O18: 0 | P18: 0 | Q18: 0 | R18: 0 | S18: 0
E19: Niro | G19: 8195 | H19: 1027 | I19: 2092 | J19: 638 | K19: 57 | L19: 3327 | M19: 2 | N19: 165 | O19: 729 | P19: 68 | Q19: 90 | R19: 0 | S19: 0
E20: Niro EV | G20: 1689 | H20: 8 | I20: 659 | J20: 254 | K20: 0 | L20: 711 | M20: 2 | N20: 49 | O20: 0 | P20: 0 | Q20: 6 | R20: 0 | S20: 0
E21: Niro Plus | G21: 1 | H21: 0 | I21: 0 | L21: 0 | M21: 0 | N21: 0 | O21: 0 | P21: 0 | Q21: 1 | R21: 0 | S21: 0
E22: Niro Plus EV | G22: 0 | H22: 0 | I22: 0 | L22: 0 | M22: 0 | N22: 0 | O22: 0 | P22: 0 | Q22: 0 | R22: 0 | S22: 0
E23: EV3 | G23: 8202 | H23: 2199 | I23: 0 | L23: 5057 | M23: 609 | N23: 35 | O23: 0 | P23: 13 | Q23: 289 | R23: 0 | S23: 0
E24: EV4 | G24: 1486 | H24: 1485 | I24: 0 | J24: 0 | K24: 0 | L24: 1 | M24: 0 | N24: 0 | O24: 0 | P24: 0 | Q24: 0 | R24: 0 | S24: 0
E25: EV5 | G25: 2 | H25: 0 | I25: 0 | L25: 2 | M25: 0 | N25: 0 | O25: 0 | P25: 0 | Q25: 0 | R25: 0 | S25: 0
E26: EV6 | G26: 2446 | H26: 936 | I26: 41 | J26: 0 | K26: 13 | L26: 1244 | M26: 103 | N26: 3 | O26: 3 | P26: 10 | Q26: 45 | R26: 48 | S26: 0
E27: EV9 | G27: 1559 | H27: 173 | I27: 3 | J27: 356 | K27: 0 | L27: 951 | M27: 15 | N27: 6 | O27: 8 | P27: 11 | Q27: 36 | R27: 0 | S27: 0
E28: Sportage | G28: 18521 | H28: 5424 | I28: 5931 | J28: 2741 | K28: 765 | L28: 0 | M28: 349 | N28: 1158 | O28: 127 | P28: 0 | Q28: 2026 | R28: 0 | S28: 0
E29: Sorento | G29: 13454 | H29: 7053 | I29: 1622 | J29: 459 | K29: 0 | L29: 1201 | M29: 455 | N29: 155 | O29: 1474 | P29: 101 | Q29: 934 | R29: 0 | S29: 0
E30: Mohave | G30: 0 | H30: 0 | I30: 0 | L30: 0 | M30: 0 | N30: 0 | Q30: 0 | R30: 0 | S30: 0
E31: Carnival | G31: 16015 | H31: 7211 | I31: 5928 | J31: 494 | K31: 0 | L31: 0 | M31: 7 | N31: 130 | O31: 487 | P31: 71 | Q31: 1687 | R31: 0 | S31: 0
E32: Tasman | G32: 2055 | H32: 1271 | I32: 0 | L32: 0 | M32: 0 | N32: 16 | O32: 4 | P32: 1 | Q32: 763 | R32: 0 | S32: 0
E33: Bongo | G33: 5786 | H33: 2836 | I33: 0 | L33: 0 | M33: 38 | N33: 1123 | O33: 1315 | P33: 215 | Q33: 259 | R33: 0 | S33: 0
E34: Bongo EV | G34: 684 | H34: 684 | I34: 0 | L34: 0 | M34: 0 | N34: 0 | O34: 0 | P34: 0 | Q34: 0 | R34: 0 | S34: 0
E35: Bus | G35: 111 | H35: 111 | I35: 0 | L35: 0 | M35: 0 | N35: 0 | O35: 0 | P35: 0 | Q35: 0 | R35: 0 | S35: 0
E36: PV5 | G36: 1 | H36: 0 | I36: 0 | L36: 1 | M36: 0 | N36: 0 | O36: 0 | P36: 0 | Q36: 0 | R36: 0 | S36: 0
B37: Korea Plants | G37: 129888 | H37: 45017 | I37: 31737 | J37: 7086 | K37: 835 | L37: 22221 | M37: 2112 | N37: 5021 | O37: 5531 | P37: 1671 | Q37: 8609 | R37: 48 | S37: 0
E38: Optima / K5 | G38: 0 | H38: 0 | I38: 0 | J38: 0 | K38: 0 | L38: 0 | M38: 0 | N38: 0 | O38: 0 | P38: 0 | Q38: 0 | R38: 0 | S38: 0
E39: Sportage | G39: 8547 | H39: 0 | I39: 8461 | J39: 0 | K39: 0 | L39: 0 | M39: 0 | N39: 86 | Q39: 0 | R39: 0 | S39: 0
E40: Sorento | G40: 6796 | H40: 0 | I40: 6343 | J40: 279 | K40: 128 | L40: 0 | M40: 0 | N40: 46 | O40: 0 | P40: 0 | Q40: 0 | R40: 0 | S40: 0
E41: Telluride | G41: 10626 | H41: 0 | I41: 10411 | J41: 106 | K41: 34 | L41: 0 | M41: 0 | N41: 20 | O41: 54 | P41: 0 | Q41: 1 | R41: 0 | S41: 0
E42: EV6 | G42: 1313 | H42: 0 | I42: 1249 | J42: 64 | K42: 0 | L42: 0 | M42: 0 | N42: 0 | Q42: 0 | R42: 0 | S42: 0
E43: EV9 | G43: 1734 | H43: 0 | I43: 1734 | J43: 0 | K43: 0 | L43: 0 | M43: 0 | N43: 0 | O43: 0 | P43: 0 | Q43: 0 | R43: 0 | S43: 0
B44: U.S. Plant | G44: 29016 | H44: 0 | I44: 28198 | J44: 449 | K44: 162 | L44: 0 | M44: 0 | N44: 152 | O44: 54 | P44: 0 | Q44: 1 | R44: 0 | S44: 0
E45: EV2 | G45: 0 | H45: 0 | I45: 0 | L45: 0 | M45: 0 | N45: 0 | O45: 0 | P45: 0 | Q45: 0 | R45: 0 | S45: 0
E46: EV4 | G46: 1 | H46: 0 | I46: 0 | L46: 1 | M46: 0 | N46: 0 | O46: 0 | P46: 0 | Q46: 0 | R46: 0 | S46: 0
E47: Cee'd | G47: 4959 | H47: 0 | I47: 0 | J47: 0 | K47: 0 | L47: 4476 | M47: 447 | N47: 7 | O47: 0 | P47: 4 | Q47: 25 | R47: 0 | S47: 0
E48: Cee'd CUV | G48: 2334 | H48: 0 | I48: 0 | J48: 0 | K48: 0 | L48: 2075 | M48: 231 | N48: 11 | O48: 0 | P48: 17 | Q48: 0 | R48: 0 | S48: 0
E49: Sportage | G49: 17496 | H49: 0 | I49: 0 | J49: 0 | K49: 0 | L49: 13908 | M49: 926 | N49: 317 | O49: 1925 | P49: 420 | Q49: 0 | R49: 0 | S49: 0
B50: Slovakia Plant | G50: 24790 | H50: 0 | I50: 0 | J50: 0 | K50: 0 | L50: 20460 | M50: 1604 | N50: 335 | O50: 1925 | P50: 441 | Q50: 25 | R50: 0 | S50: 0
E51: Rio (Pride) | G51: 2 | H51: 0 | I51: 0 | J51: 1 | K51: 0 | L51: 0 | M51: 0 | N51: 0 | O51: 0 | P51: 1 | Q51: 0 | R51: 0 | S51: 0
E52: K3 | G52: 6647 | H52: 0 | I52: 0 | J52: 4 | K52: 4793 | L52: 0 | M52: 0 | N52: 1502 | O52: 348 | P52: 0 | Q52: 0 | R52: 0 | S52: 0
E53: K4 | G53: 15113 | H53: 0 | I53: 11188 | J53: 1099 | K53: 1091 | L53: 0 | M53: 0 | N53: 75 | O53: 1002 | P53: 0 | Q53: 658 | R53: 0 | S53: 0
B54: Mexico Plant | G54: 21762 | H54: 0 | I54: 11188 | J54: 1104 | K54: 5884 | L54: 0 | M54: 0 | N54: 1577 | O54: 1350 | P54: 1 | Q54: 658 | R54: 0 | S54: 0
E55: Rio (Pride) | G55: 0 | H55: 0 | I55: 0 | L55: 0 | M55: 0 | N55: 0 | Q55: 0 | R55: 0 | S55: 0
B56: *Russia Plant (HMMR) | G56: 0 | H56: 0 | I56: 0 | J56: 0 | K56: 0 | L56: 0 | M56: 0 | N56: 0 | O56: 0 | P56: 0 | Q56: 0 | R56: 0 | S56: 0
E57: Pegas | G57: 5133 | H57: 0 | I57: 0 | L57: 0 | M57: 0 | N57: 2222 | O57: 2503 | P57: 252 | Q57: 152 | R57: 0 | S57: 4
E58: Forte | G58: 490 | H58: 0 | I58: 0 | L58: 0 | M58: 0 | N58: 0 | Q58: 0 | R58: 0 | S58: 490
E59: K3 | G59: 417 | H59: 0 | I59: 0 | J59: 0 | K59: 0 | L59: 0 | M59: 0 | N59: 0 | O59: 0 | P59: 0 | Q59: 0 | R59: 0 | S59: 417
E60: K5 | G60: 394 | H60: 0 | I60: 0 | L60: 0 | M60: 301 | N60: 0 | Q60: 0 | R60: 0 | S60: 93
E61: KX1 | G61: 2309 | H61: 0 | I61: 0 | L61: 0 | M61: 0 | N61: 0 | Q61: 0 | R61: 0 | S61: 2309
E62: Sonet | G62: 3142 | H62: 0 | I62: 0 | J62: 0 | K62: 1078 | L62: 0 | M62: 1 | N62: 1115 | O62: 321 | P62: 126 | Q62: 473 | R62: 0 | S62: 28
E63: KX3 / Seltos | G63: 4960 | H63: 0 | I63: 0 | J63: 0 | K63: 1343 | L63: 0 | M63: 0 | N63: 879 | O63: 683 | P63: 247 | Q63: 61 | R63: 0 | S63: 1747
E64: Zhipao | G64: 249 | H64: 0 | I64: 0 | L64: 0 | M64: 0 | N64: 0 | Q64: 0 | R64: 0 | S64: 249
E65: Sportage | G65: 2460 | H65: 0 | I65: 0 | J65: 0 | K65: 0 | L65: 0 | M65: 0 | N65: 0 | O65: 991 | P65: 0 | Q65: 0 | R65: 0 | S65: 1469
E66: Carnival | G66: 91 | H66: 0 | I66: 0 | L66: 0 | M66: 0 | N66: 0 | O66: 0 | P66: 0 | Q66: 0 | R66: 0 | S66: 91
E67: EV5 | G67: 884 | H67: 0 | I67: 0 | L67: 0 | M67: 0 | N67: 131 | O67: 2 | P67: 23 | Q67: 552 | R67: 0 | S67: 176
B68: China Plants | G68: 20529 | H68: 0 | I68: 0 | J68: 0 | K68: 2421 | L68: 0 | M68: 302 | N68: 4347 | O68: 4500 | P68: 648 | Q68: 1238 | R68: 0 | S68: 7073
E69: Syros | G69: 1411 | H69: 0 | I69: 0 | J69: 0 | K69: 0 | L69: 0 | M69: 0 | N69: 0 | O69: 0 | P69: 0 | Q69: 0 | R69: 1411 | S69: 0
E70: Sonet | G70: 8261 | H70: 0 | I70: 0 | L70: 0 | M70: 0 | N70: 27 | O70: 0 | P70: 978 | Q70: 173 | R70: 7083 | S70: 0
E71: Seltos | G71: 5978 | H71: 0 | I71: 0 | J71: 0 | K71: 0 | L71: 0 | M71: 0 | N71: 126 | O71: 0 | P71: 210 | Q71: 69 | R71: 5573 | S71: 0
E72: Carens MPV | G72: 6650 | H72: 0 | I72: 0 | L72: 0 | M72: 73 | N72: 212 | O72: 302 | P72: 17 | Q72: 31 | R72: 6015 | S72: 0
E73: Carens MPV EV | G73: 133 | H73: 0 | I73: 0 | L73: 0 | M73: 0 | N73: 0 | O73: 0 | P73: 0 | Q73: 0 | R73: 133 | S73: 0
E74: Carnival (CKD) | G74: 98 | H74: 0 | I74: 0 | L74: 0 | M74: 0 | N74: 0 | O74: 0 | P74: 0 | Q74: 0 | R74: 98 | S74: 0
B75: India Plant | G75: 22531 | H75: 0 | I75: 0 | J75: 0 | K75: 0 | L75: 0 | M75: 73 | N75: 365 | O75: 302 | P75: 1205 | Q75: 273 | R75: 20313 | S75: 0
E76: EV5 | G76: 3 | H76: 0 | I76: 0 | L76: 0 | M76: 0 | N76: 0 | Q76: 3 | R76: 0 | S76: 0
B77: HMGICs Plant | G77: 3 | H77: 0 | I77: 0 | J77: 0 | K77: 0 | L77: 0 | M77: 0 | N77: 0 | O77: 0 | P77: 0 | Q77: 3 | R77: 0 | S77: 0
E79: Morning / Picanto | G79: 147 | H79: 0 | I79: 0 | L79: 0 | M79: 0 | N79: 0 | O79: 138 | P79: 0 | Q79: 9 | R79: 0 | S79: 0
E80: Pegas | G80: 25 | H80: 0 | I80: 0 | L80: 0 | M80: 0 | N80: 0 | Q80: 25 | R80: 0 | S80: 0
E81: K3 | G81: 327 | H81: 0 | I81: 0 | L81: 0 | M81: 203 | N81: 0 | Q81: 124 | R81: 0 | S81: 0
E82: K4 | G82: 0 | H82: 0 | I82: 0 | L82: 0 | M82: 0 | N82: 0 | Q82: 0 | R82: 0 | S82: 0
E83: K5 | G83: 17 | H83: 0 | I83: 0 | L83: 0 | M83: 0 | N83: 0 | Q83: 17 | R83: 0 | S83: 0
E84: K8 | G84: 0 | H84: 0 | I84: 0 | J84: 0 | K84: 0 | L84: 0 | M84: 0 | N84: 0 | O84: 0 | P84: 0 | Q84: 0 | R84: 0 | S84: 0
E85: Sonet | G85: 2167 | H85: 0 | I85: 0 | L85: 0 | M85: 1550 | N85: 340 | Q85: 277 | R85: 0 | S85: 0
E86: Stonic | G86: 362 | H86: 0 | I86: 0 | L86: 0 | M86: 0 | N86: 0 | O86: 362 | P86: 0 | Q86: 0 | R86: 0 | S86: 0
E87: Seltos | G87: 512 | H87: 0 | I87: 0 | L87: 0 | M87: 3 | N87: 0 | Q87: 509 | R87: 0 | S87: 0
E88: Soul | G88: 4 | H88: 0 | I88: 0 | L88: 0 | M88: 4 | N88: 0 | Q88: 0 | R88: 0 | S88: 0
E89: Niro | G89: 0 | H89: 0 | I89: 0 | J89: 0 | K89: 0 | L89: 0 | M89: 0 | N89: 0 | O89: 0 | P89: 0 | Q89: 0 | R89: 0 | S89: 0
E90: EV6 | G90: 0 | H90: 0 | I90: 0 | L90: 0 | M90: 0 | N90: 0 | Q90: 0 | R90: 0 | S90: 0
E91: EV9 | G91: 0 | H91: 0 | I91: 0 | L91: 0 | M91: 0 | N91: 0 | Q91: 0 | R91: 0 | S91: 0
E92: Sportage | G92: 1328 | H92: 0 | I92: 0 | J92: 0 | K92: 0 | L92: 0 | M92: 850 | N92: 0 | O92: 248 | P92: 0 | Q92: 230 | R92: 0 | S92: 0
E93: Sorento | G93: 344 | H93: 0 | I93: 0 | J93: 0 | K93: 0 | L93: 0 | M93: 0 | N93: 0 | O93: 224 | P93: 0 | Q93: 120 | R93: 0 | S93: 0
E94: Carens MPV | G94: 393 | H94: 0 | I94: 0 | L94: 0 | M94: 0 | N94: 0 | Q94: 393 | R94: 0 | S94: 0
E95: Carnival | G95: 496 | H95: 0 | I95: 0 | J95: 0 | K95: 0 | L95: 0 | M95: 0 | N95: 0 | O95: 0 | P95: 0 | Q95: 496 | R95: 0 | S95: 0
E96: Tasman | G96: 0 | H96: 0 | I96: 0 | L96: 0 | M96: 0 | N96: 0 | Q96: 0 | R96: 0 | S96: 0
E97: Bongo | G97: 1136 | H97: 0 | I97: 0 | L97: 0 | M97: 0 | N97: 226 | Q97: 910 | R97: 0 | S97: 0
B98: CKD | G98: 7258 | H98: 0 | I98: 0 | J98: 0 | K98: 0 | L98: 0 | M98: 2610 | N98: 566 | O98: 972 | P98: 0 | Q98: 3110 | R98: 0 | S98: 0
E100: Tasman | G100: 0 | H100: 0 | I100: 0 | L100: 0 | M100: 0 | N100: 0 | O100: 0 | P100: 0 | Q100: 0 | R100: 0 | S100: 0
E101: Bongo | G101: 64 | H101: 0 | I101: 0 | L101: 0 | M101: 1 | N101: 0 | O101: 0 | P101: 0 | Q101: 63 | R101: 0 | S101: 0
E102: Millitary | G102: 139 | H102: 116 | I102: 0 | J102: 0 | K102: 0 | L102: 0 | M102: 0 | N102: 22 | O102: 1 | P102: 0 | Q102: 0 | R102: 0 | S102: 0
E103: Bus | G103: 0 | H103: 0 | I103: 0 | L103: 0 | M103: 0 | N103: 0 | O103: 0 | P103: 0 | Q103: 0 | R103: 0 | S103: 0
...

Sheet Aug
Q1: Aug. 2025, Kia IR
B2: ]
B3: Retail Sales by Country_2025 | S3: (Units, %)
B4: Model / Plant | G4: Total | H4: Korea | I4: U.S.A | J4: Canada | K4: Mexico | L4: *Europe | M4: Eastern Europe | N4: Latin America | O4: Middle East | P4: Africa | Q4: Asia Pacific | R4: India | S4: China
E6: Morning / Picanto | G6: 9599 | H6: 2080 | I6: 0 | L6: 4091 | M6: 102 | N6: 1458 | O6: 478 | P6: 507 | Q6: 883 | R6: 0 | S6: 0
E7: Pride / Rio | G7: 0 | H7: 0 | I7: 0 | L7: 0 | M7: 0 | N7: 0 | O7: 0 | P7: 0 | Q7: 0 | R7: 0 | S7: 0
E8: Ray | G8: 2463 | H8: 2463 | I8: 0 | L8: 0 | M8: 0 | N8: 0 | Q8: 0 | R8: 0 | S8: 0
E9: Ray EV | G9: 1021 | H9: 1021 | I9: 0 | L9: 0 | M9: 0 | N9: 0 | Q9: 0 | R9: 0 | S9: 0
E10: K3 | G10: 12 | H10: 0 | I10: 0 | J10: 2 | K10: 0 | L10: 0 | M10: 1 | N10: 0 | O10: 1 | P10: 3 | Q10: 5 | R10: 0 | S10: 0
E11: K5 | G11: 11486 | H11: 3238 | I11: 6847 | J11: 0 | K11: 0 | L11: 0 | M11: 4 | N11: 29 | O11: 1360 | P11: 8 | Q11: 0 | R11: 0 | S11: 0
E12: Stinger | G12: 0 | H12: 0 | I12: 0 | J12: 0 | K12: 0 | L12: 0 | M12: 0 | N12: 0 | O12: 0 | P12: 0 | Q12: 0 | R12: 0 | S12: 0
E13: K8 | G13: 2040 | H13: 1976 | I13: 0 | J13: 0 | K13: 0 | L13: 0 | M13: 12 | N13: 0 | O13: 52 | P13: 0 | Q13: 0 | R13: 0 | S13: 0
E14: K9 | G14: 144 | H14: 143 | I14: 0 | J14: 0 | K14: 0 | L14: 0 | M14: 1 | N14: 0 | O14: 0 | P14: 0 | Q14: 0 | R14: 0 | S14: 0
E15: Stonic | G15: 4953 | H15: 0 | I15: 0 | L15: 3267 | M15: 239 | N15: 60 | O15: 340 | P15: 246 | Q15: 801 | R15: 0 | S15: 0
E16: Seltos | G16: 13674 | H16: 4238 | I16: 5574 | J16: 2131 | K16: 0 | L16: 0 | M16: 108 | N16: 326 | O16: 205 | P16: 0 | Q16: 1092 | R16: 0 | S16: 0
E17: Soul | G17: 5741 | H17: 0 | I17: 5548 | J17: 0 | K17: 0 | L17: 0 | M17: 10 | N17: 175 | O17: 0 | P17: 0 | Q17: 8 | R17: 0 | S17: 0
E18: Soul EV | G18: 0 | H18: 0 | I18: 0 | J18: 0 | K18: 0 | L18: 0 | M18: 0 | N18: 0 | O18: 0 | P18: 0 | Q18: 0 | R18: 0 | S18: 0
E19: Niro | G19: 7286 | H19: 1037 | I19: 2087 | J19: 692 | K19: 103 | L19: 2438 | M19: 6 | N19: 207 | O19: 568 | P19: 52 | Q19: 96 | R19: 0 | S19: 0
E20: Niro EV | G20: 1662 | H20: 25 | I20: 1037 | J20: 428 | K20: 0 | L20: 164 | M20: 2 | N20: 0 | O20: 0 | P20: 0 | Q20: 6 | R20: 0 | S20: 0
E21: Niro Plus | G21: 0 | H21: 0 | I21: 0 | L21: 0 | M21: 0 | N21: 0 | O21: 0 | P21: 0 | Q21: 0 | R21: 0 | S21: 0
E22: Niro Plus EV | G22: 0 | H22: 0 | I22: 0 | L22: 0 | M22: 0 | N22: 0 | O22: 0 | P22: 0 | Q22: 0 | R22: 0 | S22: 0
E23: EV3 | G23: 7470 | H23: 2317 | I23: 0 | L23: 4407 | M23: 368 | N23: 27 | O23: 0 | P23: 11 | Q23: 340 | R23: 0 | S23: 0
E24: EV4 | G24: 1131 | H24: 1124 | I24: 0 | J24: 0 | K24: 0 | L24: 7 | M24: 0 | N24: 0 | O24: 0 | P24: 0 | Q24: 0 | R24: 0 | S24: 0
E25: EV5 | G25: 0 | H25: 0 | I25: 0 | L25: 0 | M25: 0 | N25: 0 | O25: 0 | P25: 0 | Q25: 0 | R25: 0 | S25: 0
E26: EV6 | G26: 2360 | H26: 1080 | I26: 0 | J26: 0 | K26: 3 | L26: 1028 | M26: 137 | N26: 7 | O26: 16 | P26: 3 | Q26: 47 | R26: 39 | S26: 0
E27: EV9 | G27: 1291 | H27: 112 | I27: 3 | J27: 405 | K27: 0 | L27: 706 | M27: 9 | N27: 10 | O27: 7 | P27: 2 | Q27: 37 | R27: 0 | S27: 0
E28: Sportage | G28: 20136 | H28: 5755 | I28: 8405 | J28: 2063 | K28: 603 | L28: 0 | M28: 372 | N28: 807 | O28: 20 | P28: 0 | Q28: 2111 | R28: 0 | S28: 0
E29: Sorento | G29: 13120 | H29: 6531 | I29: 1967 | J29: 460 | K29: 0 | L29: 787 | M29: 751 | N29: 190 | O29: 1581 | P29: 78 | Q29: 775 | R29: 0 | S29: 0
E30: Mohave | G30: 1 | H30: 0 | I30: 0 | L30: 0 | M30: 1 | N30: 0 | Q30: 0 | R30: 0 | S30: 0
E31: Carnival | G31: 14835 | H31: 6031 | I31: 6522 | J31: 536 | K31: 0 | L31: 0 | M31: 14 | N31: 169 | O31: 292 | P31: 46 | Q31: 1225 | R31: 0 | S31: 0
E32: Tasman | G32: 1890 | H32: 887 | I32: 0 | L32: 0 | M32: 0 | N32: 51 | O32: 40 | P32: 0 | Q32: 912 | R32: 0 | S32: 0
E33: Bongo | G33: 6075 | H33: 2524 | I33: 0 | L33: 0 | M33: 37 | N33: 1112 | O33: 1988 | P33: 148 | Q33: 266 | R33: 0 | S33: 0
E34: Bongo EV | G34: 644 | H34: 644 | I34: 0 | L34: 0 | M34: 0 | N34: 0 | O34: 0 | P34: 0 | Q34: 0 | R34: 0 | S34: 0
E35: Bus | G35: 114 | H35: 114 | I35: 0 | L35: 0 | M35: 0 | N35: 0 | O35: 0 | P35: 0 | Q35: 0 | R35: 0 | S35: 0
E36: PV5 | G36: 163 | H36: 161 | I36: 0 | L36: 2 | M36: 0 | N36: 0 | O36: 0 | P36: 0 | Q36: 0 | R36: 0 | S36: 0
B37: Korea Plants | G37: 129311 | H37: 43501 | I37: 37990 | J37: 6717 | K37: 709 | L37: 16897 | M37: 2174 | N37: 4628 | O37: 6948 | P37: 1104 | Q37: 8604 | R37: 39 | S37: 0
E38: Optima / K5 | G38: 0 | H38: 0 | I38: 0 | J38: 0 | K38: 0 | L38: 0 | M38: 0 | N38: 0 | O38: 0 | P38: 0 | Q38: 0 | R38: 0 | S38: 0
E39: Sportage | G39: 9730 | H39: 0 | I39: 9618 | J39: 0 | K39: 0 | L39: 0 | M39: 0 | N39: 112 | Q39: 0 | R39: 0 | S39: 0
E40: Sorento | G40: 7009 | H40: 0 | I40: 6659 | J40: 180 | K40: 122 | L40: 0 | M40: 0 | N40: 47 | O40: 0 | P40: 0 | Q40: 1 | R40: 0 | S40: 0
E41: Telluride | G41: 12359 | H41: 0 | I41: 12177 | J41: 94 | K41: 20 | L41: 0 | M41: 0 | N41: 15 | O41: 50 | P41: 0 | Q41: 3 | R41: 0 | S41: 0
E42: EV6 | G42: 1881 | H42: 0 | I42: 1796 | J42: 85 | K42: 0 | L42: 0 | M42: 0 | N42: 0 | Q42: 0 | R42: 0 | S42: 0
E43: EV9 | G43: 2676 | H43: 0 | I43: 2676 | J43: 0 | K43: 0 | L43: 0 | M43: 0 | N43: 0 | O43: 0 | P43: 0 | Q43: 0 | R43: 0 | S43: 0
B44: U.S. Plant | G44: 33655 | H44: 0 | I44: 32926 | J44: 359 | K44: 142 | L44: 0 | M44: 0 | N44: 174 | O44: 50 | P44: 0 | Q44: 4 | R44: 0 | S44: 0
E45: EV2 | G45: 0 | H45: 0 | I45: 0 | L45: 0 | M45: 0 | N45: 0 | O45: 0 | P45: 0 | Q45: 0 | R45: 0 | S45: 0
E46: EV4 | G46: 56 | H46: 0 | I46: 0 | L46: 56 | M46: 0 | N46: 0 | O46: 0 | P46: 0 | Q46: 0 | R46: 0 | S46: 0
E47: Cee'd | G47: 4258 | H47: 0 | I47: 0 | J47: 0 | K47: 0 | L47: 4060 | M47: 157 | N47: 3 | O47: 0 | P47: 9 | Q47: 29 | R47: 0 | S47: 0
E48: Cee'd CUV | G48: 1845 | H48: 0 | I48: 0 | J48: 0 | K48: 0 | L48: 1411 | M48: 410 | N48: 5 | O48: 0 | P48: 19 | Q48: 0 | R48: 0 | S48: 0
E49: Sportage | G49: 12286 | H49: 0 | I49: 0 | J49: 0 | K49: 0 | L49: 9115 | M49: 658 | N49: 291 | O49: 1336 | P49: 886 | Q49: 0 | R49: 0 | S49: 0
B50: Slovakia Plant | G50: 18445 | H50: 0 | I50: 0 | J50: 0 | K50: 0 | L50: 14642 | M50: 1225 | N50: 299 | O50: 1336 | P50: 914 | Q50: 29 | R50: 0 | S50: 0
E51: Rio (Pride) | G51: 0 | H51: 0 | I51: 0 | J51: 0 | K51: 0 | L51: 0 | M51: 0 | N51: 0 | O51: 0 | P51: 0 | Q51: 0 | R51: 0 | S51: 0
E52: K3 | G52: 7473 | H52: 0 | I52: 0 | J52: 0 | K52: 5065 | L52: 0 | M52: 0 | N52: 1801 | O52: 606 | P52: 1 | Q52: 0 | R52: 0 | S52: 0
E53: K4 | G53: 15576 | H53: 0 | I53: 12091 | J53: 1045 | K53: 1134 | L53: 0 | M53: 0 | N53: 54 | O53: 634 | P53: 82 | Q53: 536 | R53: 0 | S53: 0
B54: Mexico Plant | G54: 23049 | H54: 0 | I54: 12091 | J54: 1045 | K54: 6199 | L54: 0 | M54: 0 | N54: 1855 | O54: 1240 | P54: 83 | Q54: 536 | R54: 0 | S54: 0
E55: Rio (Pride) | G55: 0 | H55: 0 | I55: 0 | L55: 0 | M55: 0 | N55: 0 | Q55: 0 | R55: 0 | S55: 0
B56: *Russia Plant (HMMR) | G56: 0 | H56: 0 | I56: 0 | J56: 0 | K56: 0 | L56: 0 | M56: 0 | N56: 0 | O56: 0 | P56: 0 | Q56: 0 | R56: 0 | S56: 0
E57: Pegas | G57: 5809 | H57: 0 | I57: 0 | L57: 0 | M57: 3 | N57: 2447 | O57: 2915 | P57: 293 | Q57: 116 | R57: 0 | S57: 35
E58: Forte | G58: 477 | H58: 0 | I58: 0 | L58: 0 | M58: 0 | N58: 0 | Q58: 0 | R58: 0 | S58: 477
E59: K3 | G59: 549 | H59: 0 | I59: 0 | J59: 0 | K59: 0 | L59: 0 | M59: 0 | N59: 0 | O59: 0 | P59: 0 | Q59: 0 | R59: 0 | S59: 549
E60: K5 | G60: 380 | H60: 0 | I60: 0 | L60: 0 | M60: 298 | N60: 0 | Q60: 0 | R60: 0 | S60: 82
E61: KX1 | G61: 2054 | H61: 0 | I61: 0 | L61: 0 | M61: 0 | N61: 0 | Q61: 0 | R61: 0 | S61: 2054
E62: Sonet | G62: 3567 | H62: 0 | I62: 0 | J62: 0 | K62: 1279 | L62: 0 | M62: 3 | N62: 1308 | O62: 331 | P62: 137 | Q62: 475 | R62: 0 | S62: 34
E63: KX3 / Seltos | G63: 5001 | H63: 0 | I63: 0 | J63: 0 | K63: 1272 | L63: 0 | M63: 0 | N63: 953 | O63: 946 | P63: 184 | Q63: 44 | R63: 0 | S63: 1602
E64: Zhipao | G64: 225 | H64: 0 | I64: 0 | L64: 0 | M64: 0 | N64: 0 | Q64: 0 | R64: 0 | S64: 225
E65: Sportage | G65: 2441 | H65: 0 | I65: 0 | J65: 0 | K65: 0 | L65: 0 | M65: 0 | N65: 0 | O65: 903 | P65: 0 | Q65: 0 | R65: 0 | S65: 1538
E66: Carnival | G66: 73 | H66: 0 | I66: 0 | L66: 0 | M66: 0 | N66: 0 | O66: 0 | P66: 0 | Q66: 0 | R66: 0 | S66: 73
E67: EV5 | G67: 756 | H67: 0 | I67: 0 | L67: 0 | M67: 0 | N67: 124 | O67: 1 | P67: 2 | Q67: 418 | R67: 0 | S67: 211
B68: China Plants | G68: 21332 | H68: 0 | I68: 0 | J68: 0 | K68: 2551 | L68: 0 | M68: 304 | N68: 4832 | O68: 5096 | P68: 616 | Q68: 1053 | R68: 0 | S68: 6880
E69: Syros | G69: 987 | H69: 0 | I69: 0 | J69: 0 | K69: 0 | L69: 0 | M69: 0 | N69: 0 | O69: 0 | P69: 0 | Q69: 0 | R69: 987 | S69: 0
E70: Sonet | G70: 7685 | H70: 0 | I70: 0 | L70: 0 | M70: 0 | N70: 46 | O70: 0 | P70: 1055 | Q70: 208 | R70: 6376 | S70: 0
E71: Seltos | G71: 5249 | H71: 0 | I71: 0 | J71: 0 | K71: 0 | L71: 0 | M71: 0 | N71: 142 | O71: 0 | P71: 141 | Q71: 72 | R71: 4894 | S71: 0
E72: Carens MPV | G72: 6158 | H72: 0 | I72: 0 | L72: 0 | M72: 56 | N72: 242 | O72: 351 | P72: 15 | Q72: 103 | R72: 5391 | S72: 0
E73: Carens MPV EV | G73: 695 | H73: 0 | I73: 0 | L73: 0 | M73: 0 | N73: 0 | O73: 0 | P73: 0 | Q73: 0 | R73: 695 | S73: 0
E74: Carnival (CKD) | G74: 85 | H74: 0 | I74: 0 | L74: 0 | M74: 0 | N74: 0 | O74: 0 | P74: 0 | Q74: 0 | R74: 85 | S74: 0
B75: India Plant | G75: 20859 | H75: 0 | I75: 0 | J75: 0 | K75: 0 | L75: 0 | M75: 56 | N75: 430 | O75: 351 | P75: 1211 | Q75: 383 | R75: 18428 | S75: 0
E76: EV5 | G76: 9 | H76: 0 | I76: 0 | L76: 0 | M76: 0 | N76: 0 | Q76: 9 | R76: 0 | S76: 0
B77: HMGICs Plant | G77: 9 | H77: 0 | I77: 0 | J77: 0 | K77: 0 | L77: 0 | M77: 0 | N77: 0 | O77: 0 | P77: 0 | Q77: 9 | R77: 0 | S77: 0
E79: Morning / Picanto | G79: 113 | H79: 0 | I79: 0 | L79: 0 | M79: 0 | N79: 0 | O79: 109 | P79: 0 | Q79: 4 | R79: 0 | S79: 0
E80: Pegas | G80: 10 | H80: 0 | I80: 0 | L80: 0 | M80: 0 | N80: 0 | Q80: 10 | R80: 0 | S80: 0
E81: K3 | G81: 366 | H81: 0 | I81: 0 | L81: 0 | M81: 266 | N81: 0 | Q81: 100 | R81: 0 | S81: 0
E82: K4 | G82: 0 | H82: 0 | I82: 0 | L82: 0 | M82: 0 | N82: 0 | Q82: 0 | R82: 0 | S82: 0
E83: K5 | G83: 21 | H83: 0 | I83: 0 | L83: 0 | M83: 0 | N83: 0 | Q83: 21 | R83: 0 | S83: 0
E84: K8 | G84: 0 | H84: 0 | I84: 0 | J84: 0 | K84: 0 | L84: 0 | M84: 0 | N84: 0 | O84: 0 | P84: 0 | Q84: 0 | R84: 0 | S84: 0
E85: Sonet | G85: 2403 | H85: 0 | I85: 0 | L85: 0 | M85: 1610 | N85: 340 | Q85: 453 | R85: 0 | S85: 0
E86: Stonic | G86: 139 | H86: 0 | I86: 0 | L86: 0 | M86: 0 | N86: 0 | O86: 139 | P86: 0 | Q86: 0 | R86: 0 | S86: 0
E87: Seltos | G87: 401 | H87: 0 | I87: 0 | L87: 0 | M87: 5 | N87: 0 | Q87: 396 | R87: 0 | S87: 0
E88: Soul | G88: 53 | H88: 0 | I88: 0 | L88: 0 | M88: 53 | N88: 0 | Q88: 0 | R88: 0 | S88: 0
E89: Niro | G89: 0 | H89: 0 | I89: 0 | J89: 0 | K89: 0 | L89: 0 | M89: 0 | N89: 0 | O89: 0 | P89: 0 | Q89: 0 | R89: 0 | S89: 0
E90: EV6 | G90: 0 | H90: 0 | I90: 0 | L90: 0 | M90: 0 | N90: 0 | Q90: 0 | R90: 0 | S90: 0
E91: EV9 | G91: 0 | H91: 0 | I91: 0 | L91: 0 | M91: 0 | N91: 0 | Q91: 0 | R91: 0 | S91: 0
E92: Sportage | G92: 1110 | H92: 0 | I92: 0 | J92: 0 | K92: 0 | L92: 0 | M92: 786 | N92: 0 | O92: 187 | P92: 0 | Q92: 137 | R92: 0 | S92: 0
E93: Sorento | G93: 314 | H93: 0 | I93: 0 | J93: 0 | K93: 0 | L93: 0 | M93: 0 | N93: 0 | O93: 226 | P93: 0 | Q93: 88 | R93: 0 | S93: 0
E94: Carens MPV | G94: 223 | H94: 0 | I94: 0 | L94: 0 | M94: 0 | N94: 0 | Q94: 223 | R94: 0 | S94: 0
E95: Carnival | G95: 385 | H95: 0 | I95: 0 | J95: 0 | K95: 0 | L95: 0 | M95: 0 | N95: 0 | O95: 0 | P95: 0 | Q95: 385 | R95: 0 | S95: 0
E96: Tasman | G96: 0 | H96: 0 | I96: 0 | L96: 0 | M96: 0 | N96: 0 | Q96: 0 | R96: 0 | S96: 0
E97: Bongo | G97: 1234 | H97: 0 | I97: 0 | L97: 0 | M97: 0 | N97: 255 | Q97: 979 | R97: 0 | S97: 0
B98: CKD | G98: 6772 | H98: 0 | I98: 0 | J98: 0 | K98: 0 | L98: 0 | M98: 2720 | N98: 595 | O98: 661 | P98: 0 | Q98: 2796 | R98: 0 | S98: 0
E100: Tasman | G100: 1 | H100: 0 | I100: 0 | L100: 0 | M100: 0 | N100: 0 | O100: 1 | P100: 0 | Q100: 0 | R100: 0 | S100: 0
E101: Bongo | G101: 69 | H101: 0 | I101: 0 | L101: 0 | M101: 2 | N101: 0 | O101: 0 | P101: 0 | Q101: 67 | R101: 0 | S101: 0
E102: Millitary | G102: 174 | H102: 174 | I102: 0 | J102: 0 | K102: 0 | L102: 0 | M102: 0 | N102: 0 | O102: 0 | P102: 0 | Q102: 0 | R102: 0 | S102: 0
E103: Bus | G103: 0 | H103: 0 | I103: 0 | L103: 0 | M103: 0 | N103: 0 | O103: 0 | P103: 0 | Q103: 0 | R103: 0 | S103: 0
...

Sheet Sep
Q1: Sep. 2025, Kia IR
B2: ]
B3: Retail Sales by Country_2025 | S3: (Units, %)
B4: Model / Plant | G4: Total | H4: Korea | I4: U.S.A | J4: Canada | K4: Mexico | L4: *Europe | M4: Eastern Europe | N4: Latin America | O4: Middle East | P4: Africa | Q4: Asia Pacific | R4: India | S4: China
E6: Morning / Picanto | G6: 12932 | H6: 1805 | I6: 0 | J6: 0 | K6: 0 | L6: 6182 | M6: 167 | N6: 1868 | O6: 961 | P6: 1162 | Q6: 787 | R6: 0 | S6: 0
E7: Pride / Rio | G7: 0 | H7: 0 | I7: 0 | J7: 0 | K7: 0 | L7: 0 | M7: 0 | N7: 0 | O7: 0 | P7: 0 | Q7: 0 | R7: 0 | S7: 0
E8: Ray | G8: 2962 | H8: 2962 | I8: 0 | J8: 0 | K8: 0 | L8: 0 | M8: 0 | N8: 0 | O8: 0 | P8: 0 | Q8: 0 | R8: 0 | S8: 0
E9: Ray EV | G9: 1041 | H9: 1041 | I9: 0 | J9: 0 | K9: 0 | L9: 0 | M9: 0 | N9: 0 | O9: 0 | P9: 0 | Q9: 0 | R9: 0 | S9: 0
E10: K3 | G10: 6 | H10: 0 | I10: 0 | J10: 6 | K10: 0 | L10: 0 | M10: 0 | N10: 0 | O10: 0 | P10: 0 | Q10: 0 | R10: 0 | S10: 0
E11: K5 | G11: 9247 | H11: 3127 | I11: 5290 | J11: 0 | K11: 0 | L11: 23 | M11: 2 | N11: 5 | O11: 800 | P11: 0 | Q11: 0 | R11: 0 | S11: 0
E12: Stinger | G12: 0 | H12: 0 | I12: 0 | J12: 0 | K12: 0 | L12: 0 | M12: 0 | N12: 0 | O12: 0 | P12: 0 | Q12: 0 | R12: 0 | S12: 0
E13: K8 | G13: 2251 | H13: 2159 | I13: 0 | J13: 0 | K13: 0 | L13: 0 | M13: 10 | N13: 0 | O13: 82 | P13: 0 | Q13: 0 | R13: 0 | S13: 0
E14: K9 | G14: 109 | H14: 109 | I14: 0 | J14: 0 | K14: 0 | L14: 0 | M14: 0 | N14: 0 | O14: 0 | P14: 0 | Q14: 0 | R14: 0 | S14: 0
E15: Stonic | G15: 6935 | H15: 0 | I15: 0 | J15: 0 | K15: 0 | L15: 4925 | M15: 228 | N15: 175 | O15: 290 | P15: 390 | Q15: 927 | R15: 0 | S15: 0
E16: Seltos | G16: 13603 | H16: 4965 | I16: 4635 | J16: 2030 | K16: 0 | L16: 0 | M16: 209 | N16: 327 | O16: 286 | P16: 0 | Q16: 1151 | R16: 0 | S16: 0
E17: Soul | G17: 4280 | H17: 0 | I17: 4069 | J17: 3 | K17: 0 | L17: 0 | M17: 55 | N17: 149 | O17: 0 | P17: 0 | Q17: 4 | R17: 0 | S17: 0
... E29: Sorento | G29: 15249 | H29: 8978 | I29: 1499 | J29: 449 | K29: 0 | L29: 923 | M29: 357 | N29: 218 | O29: 1979 | P29: 42 | Q29: 804 | R29: 0 | S29: 0
E30: Mohave | G30: 1 | H30: 0 | I30: 0 | J30: 0 | K30: 0 | L30: 0 | M30: 1 | N30: 0 | Q30: 0 | R30: 0 | S30: 0
E31: Carnival | G31: 14331 | H31: 6758 | I31: 5603 | J31: 441 | K31: 0 | L31: 0 | M31: 22 | N31: 114 | O31: 347 | P31: 32 | Q31: 1014 | R31: 0 | S31: 0
E32: Tasman | G32: 1901 | H32: 777 | I32: 0 | J32: 0 | K32: 0 | L32: 0 | M32: 0 | N32: 118 | O32: 119 | P32: 4 | Q32: 883 | R32: 0 | S32: 0
E33: Bongo | G33: 5538 | H33: 2728 | I33: 0 | J33: 0 | K33: 0 | L33: 0 | M33: 48 | N33: 1172 | O33: 1179 | P33: 193 | Q33: 218 | R33: 0 | S33: 0
E34: Bongo EV | G34: 500 | H34: 500 | I34: 0 | J34: 0 | K34: 0 | L34: 0 | M34: 0 | N34: 0 | O34: 0 | P34: 0 | Q34: 0 | R34: 0 | S34: 0
E35: Bus | G35: 137 | H35: 137 | I35: 0 | J35: 0 | K35: 0 | L35: 0 | M35: 0 | N35: 0 | O35: 0 | P35: 0 | Q35: 0 | R35: 0 | S35: 0
E36: PV5 | G36: 679 | H36: 672 | I36: 0 | J36: 0 | K36: 0 | L36: 6 | M36: 0 | N36: 0 | O36: 1 | P36: 0 | Q36: 0 | R36: 0 | S36: 0
B37: Korea Plants | G37: 134907 | H37: 49001 | I37: 30135 | J37: 6082 | K37: 567 | L37: 24859 | M37: 2345 | N37: 5234 | O37: 6644 | P37: 1894 | Q37: 8104 | R37: 42 | S37: 0
E38: Optima / K5 | G38: 0 | H38: 0 | I38: 0 | J38: 0 | K38: 0 | L38: 0 | M38: 0 | N38: 0 | O38: 0 | P38: 0 | Q38: 0 | R38: 0 | S38: 0
E39: Sportage | G39: 8072 | H39: 0 | I39: 7948 | J39: 0 | K39: 0 | L39: 0 | M39: 0 | N39: 124 | Q39: 0 | R39: 0 | S39: 0
E40: Sorento | G40: 5299 | H40: 0 | I40: 5003 | J40: 140 | K40: 114 | L40: 0 | M40: 0 | N40: 40 | O40: 0 | P40: 0 | Q40: 2 | R40: 0 | S40: 0
E41: Telluride | G41: 8550 | H41: 0 | I41: 8408 | J41: 53 | K41: 14 | L41: 0 | M41: 0 | N41: 22 | O41: 44 | P41: 0 | Q41: 9 | R41: 0 | S41: 0
E42: EV6 | G42: 2186 | H42: 0 | I42: 2092 | J42: 94 | K42: 0 | L42: 0 | M42: 0 | N42: 0 | Q42: 0 | R42: 0 | S42: 0
E43: EV9 | G43: 3094 | H43: 0 | I43: 3092 | J43: 0 | K43: 0 | L43: 0 | M43: 0 | N43: 2 | O43: 0 | P43: 0 | Q43: 0 | R43: 0 | S43: 0
B44: U.S. Plant | G44: 27201 | H44: 0 | I44: 26543 | J44: 287 | K44: 128 | L44: 0 | M44: 0 | N44: 188 | O44: 44 | P44: 0 | Q44: 11 | R44: 0 | S44: 0
E45: EV2 | G45: 0 | H45: 0 | I45: 0 | J45: 0 | K45: 0 | L45: 0 | M45: 0 | N45: 0 | O45: 0 | P45: 0 | Q45: 0 | R45: 0 | S45: 0
E46: EV4 | G46: 738 | H46: 0 | I46: 0 | J46: 0 | K46: 0 | L46: 738 | M46: 0 | N46: 0 | O46: 0 | P46: 0 | Q46: 0 | R46: 0 | S46: 0
E47: Cee'd | G47: 4880 | H47: 0 | I47: 0 | J47: 0 | K47: 0 | L47: 4482 | M47: 372 | N47: 3 | O47: 0 | P47: 4 | Q47: 19 | R47: 0 | S47: 0
E48: Cee'd CUV | G48: 2488 | H48: 0 | I48: 0 | J48: 0 | K48: 0 | L48: 2197 | M48: 277 | N48: 5 | O48: 0 | P48: 9 | Q48: 0 | R48: 0 | S48: 0
E49: Sportage | G49: 20036 | H49: 0 | I49: 0 | J49: 0 | K49: 0 | L49: 17406 | M49: 561 | N49: 92 | O49: 1258 | P49: 719 | Q49: 0 | R49: 0 | S49: 0
B50: Slovakia Plant | G50: 28142 | H50: 0 | I50: 0 | J50: 0 | K50: 0 | L50: 24823 | M50: 1210 | N50: 100 | O50: 1258 | P50: 732 | Q50: 19 | R50: 0 | S50: 0
E51: Rio (Pride) | G51: 0 | H51: 0 | I51: 0 | J51: 0 | K51: 0 | L51: 0 | M51: 0 | N51: 0 | O51: 0 | P51: 0 | Q51: 0 | R51: 0 | S51: 0
E52: K3 | G52: 6809 | H52: 0 | I52: 0 | J52: 1 | K52: 4589 | L52: 0 | M52: 0 | N52: 1690 | O52: 528 | P52: 1 | Q52: 0 | R52: 0 | S52: 0
E53: K4 | G53: 13485 | H53: 0 | I53: 8829 | J53: 1436 | K53: 1215 | L53: 0 | M53: 0 | N53: 48 | O53: 976 | P53: 40 | Q53: 941 | R53: 0 | S53: 0
B54: Mexico Plant | G54: 20294 | H54: 0 | I54: 8829 | J54: 1437 | K54: 5804 | L54: 0 | M54: 0 | N54: 1738 | O54: 1504 | P54: 41 | Q54: 941 | R54: 0 | S54: 0
E55: Rio (Pride) | G55: 0 | H55: 0 | I55: 0 | J55: 0 | K55: 0 | L55: 0 | M55: 0 | N55: 0 | O55: 0 | P55: 0 | Q55: 0 | R55: 0 | S55: 0
B56: *Russia Plant (HMMR) | G56: 0 | H56: 0 | I56: 0 | J56: 0 | K56: 0 | L56: 0 | M56: 0 | N56: 0 | O56: 0 | P56: 0 | Q56: 0 | R56: 0 | S56: 0
E57: Pegas | G57: 5552 | H57: 0 | I57: 0 | J57: 0 | K57: 0 | L57: 0 | M57: 3 | N57: 2489 | O57: 2639 | P57: 243 | Q57: 127 | R57: 0 | S57: 51
E58: Forte | G58: 1039 | H58: 0 | I58: 0 | J58: 0 | K58: 0 | L58: 0 | M58: 0 | N58: 0 | O58: 0 | P58: 0 | Q58: 0 | R58: 0 | S58: 1039
E59: K3 | G59: 721 | H59: 0 | I59: 0 | J59: 0 | K59: 0 | L59: 0 | M59: 0 | N59: 0 | O59: 0 | P59: 0 | Q59: 0 | R59: 0 | S59: 721
E60: K5 | G60: 516 | H60: 0 | I60: 0 | J60: 0 | K60: 0 | L60: 0 | M60: 395 | N60: 0 | O60: 0 | P60: 0 | Q60: 0 | R60: 0 | S60: 121
E61: KX1 | G61: 1590 | H61: 0 | I61: 0 | J61: 0 | K61: 0 | L61: 0 | M61: 0 | N61: 0 | O61: 0 | P61: 0 | Q61: 0 | R61: 0 | S61: 1590
E62: Sonet | G62: 3824 | H62: 0 | I62: 0 | J62: 0 | K62: 1369 | L62: 0 | M62: 2 | N62: 1168 | O62: 600 | P62: 84 | Q62: 594 | R62: 0 | S62: 7
E63: KX3 / Seltos | G63: 5188 | H63: 0 | I63: 0 | J63: 0 | K63: 1433 | L63: 0 | M63: 0 | N63: 945 | O63: 758 | P63: 143 | Q63: 79 | R63: 0 | S63: 1830
E64: Zhipao | G64: 79 | H64: 0 | I64: 0 | J64: 0 | K64: 0 | L64: 0 | M64: 0 | N64: 0 | O64: 0 | P64: 0 | Q64: 0 | R64: 0 | S64: 79
E65: Sportage | G65: 2194 | H65: 0 | I65: 0 | J65: 0 | K65: 0 | L65: 0 | M65: 0 | N65: 0 | O65: 723 | P65: 0 | Q65: 0 | R65: 0 | S65: 1471
E66: Carnival | G66: 114 | H66: 0 | I66: 0 | J66: 0 | K66: 0 | L66: 0 | M66: 0 | N66: 0 | O66: 0 | P66: 0 | Q66: 0 | R66: 0 | S66: 114
E67: EV5 | G67: 693 | H67: 0 | I67: 0 | J67: 0 | K67: 0 | L67: 0 | M67: 0 | N67: 93 | O67: 4 | P67: 1 | Q67: 388 | R67: 0 | S67: 207
B68: China Plants | G68: 21510 | H68: 0 | I68: 0 | J68: 0 | K68: 2802 | L68: 0 | M68: 400 | N68: 4695 | O68: 4724 | P68: 471 | Q68: 1188 | R68: 0 | S68: 7230
E69: Syros | G69: 1213 | H69: 0 | I69: 0 | J69: 0 | K69: 0 | L69: 0 | M69: 0 | N69: 0 | O69: 0 | P69: 0 | Q69: 0 | R69: 1213 | S69: 0
E70: Sonet | G70: 10817 | H70: 0 | I70: 0 | J70: 0 | K70: 0 | L70: 0 | M70: 0 | N70: 57 | O70: 0 | P70: 1037 | Q70: 225 | R70: 9498 | S70: 0
E71: Seltos | G71: 5992 | H71: 0 | I71: 0 | J71: 0 | K71: 0 | L71: 0 | M71: 0 | N71: 104 | O71: 0 | P71: 246 | Q71: 94 | R71: 5548 | S71: 0
E72: Carens MPV | G72: 6788 | H72: 0 | I72: 0 | J72: 0 | K72: 0 | L72: 0 | M72: 82 | N72: 195 | O72: 191 | P72: 23 | Q72: 33 | R72: 6264 | S72: 0
E73: Carens MPV EV | G73: 582 | H73: 0 | I73: 0 | J73: 0 | K73: 0 | L73: 0 | M73: 0 | N73: 0 | O73: 0 | P73: 0 | Q73: 0 | R73: 582 | S73: 0
E74: Carnival (CKD) | G74: 58 | H74: 0 | I74: 0 | J74: 0 | K74: 0 | L74: 0 | M74: 0 | N74: 0 | O74: 0 | P74: 0 | Q74: 0 | R74: 58 | S74: 0
B75: India Plant | G75: 25450 | H75: 0 | I75: 0 | J75: 0 | K75: 0 | L75: 0 | M75: 82 | N75: 356 | O75: 191 | P75: 1306 | Q75: 352 | R75: 23163 | S75: 0
E76: EV5 | G76: 11 | H76: 0 | I76: 0 | J76: 0 | K76: 0 | L76: 0 | M76: 0 | N76: 0 | O76: 0 | P76: 0 | Q76: 11 | R76: 0 | S76: 0
B77: HMGICs Plant | G77: 11 | H77: 0 | I77: 0 | J77: 0 | K77: 0 | L77: 0 | M77: 0 | N77: 0 | O77: 0 | P77: 0 | Q77: 11 | R77: 0 | S77: 0
E79: Morning / Picanto | G79: 88 | H79: 0 | I79: 0 | J79: 0 | K79: 0 | L79: 0 | M79: 0 | N79: 0 | O79: 56 | P79: 0 | Q79: 32 | R79: 0 | S79: 0
E80: Pegas | G80: 21 | H80: 0 | I80: 0 | J80: 0 | K80: 0 | L80: 0 | M80: 0 | N80: 0 | O80: 0 | P80: 0 | Q80: 21 | R80: 0 | S80: 0
E81: K3 | G81: 308 | H81: 0 | I81: 0 | J81: 0 | K81: 0 | L81: 0 | M81: 200 | N81: 0 | O81: 0 | P81: 0 | Q81: 108 | R81: 0 | S81: 0
E82: K4 | G82: 0 | H82: 0 | I82: 0 | J82: 0 | K82: 0 | L82: 0 | M82: 0 | N82: 0 | O82: 0 | P82: 0 | Q82: 0 | R82: 0 | S82: 0
E83: K5 | G83: 21 | H83: 0 | I83: 0 | J83: 0 | K83: 0 | L83: 0 | M83: 0 | N83: 0 | O83: 0 | P83: 0 | Q83: 21 | R83: 0 | S83: 0
E84: K8 | G84: 0 | H84: 0 | I84: 0 | J84: 0 | K84: 0 | L84: 0 | M84: 0 | N84: 0 | O84: 0 | P84: 0 | Q84: 0 | R84: 0 | S84: 0
E85: Sonet | G85: 2366 | H85: 0 | I85: 0 | J85: 0 | K85: 0 | L85: 0 | M85: 1728 | N85: 256 | O85: 0 | P85: 0 | Q85: 382 | R85: 0 | S85: 0
E86: Stonic | G86: 311 | H86: 0 | I86: 0 | J86: 0 | K86: 0 | L86: 0 | M86: 0 | N86: 0 | O86: 311 | P86: 0 | Q86: 0 | R86: 0 | S86: 0
E87: Seltos | G87: 437 | H87: 0 | I87: 0 | J87: 0 | K87: 0 | L87: 0 | M87: 1 | N87: 0 | O87: 0 | P87: 0 | Q87: 436 | R87: 0 | S87: 0
E88: Soul | G88: 0 | H88: 0 | I88: 0 | J88: 0 | K88: 0 | L88: 0 | M88: 0 | N88: 0 | O88: 0 | P88: 0 | Q88: 0 | R88: 0 | S88: 0
E89: Niro | G89: 0 | H89: 0 | I89: 0 | J89: 0 | K89: 0 | L89: 0 | M89: 0 | N89: 0 | O89: 0 | P89: 0 | Q89: 0 | R89: 0 | S89: 0
E90: EV6 | G90: 0 | H90: 0 | I90: 0 | J90: 0 | K90: 0 | L90: 0 | M90: 0 | N90: 0 | O90: 0 | P90: 0 | Q90: 0 | R90: 0 | S90: 0
... E97: Bongo | G97: 1097 | H97: 0 | I97: 0 | J97: 0 | K97: 0 | L97: 0 | M97: 0 | N97: 363 | O97: 0 | P97: 0 | Q97: 734 | R97: 0 | S97: 0
B98: CKD | G98: 6969 | H98: 0 | I98: 0 | J98: 0 | K98: 0 | L98: 0 | M98: 2729 | N98: 619 | O98: 827 | P98: 0 | Q98: 2794 | R98: 0 | S98: 0
E100: Tasman | G100: 22 | H100: 0 | I100: 0 | J100: 0 | K100: 0 | L100: 0 | M100: 0 | N100: 0 | O100: 0 | P100: 22 | Q100: 0 | R100: 0 | S100: 0
E101: Bongo | G101: 4 | H101: 0 | I101: 0 | J101: 0 | K101: 0 | L101: 0 | M101: 1 | N101: 0 | O101: 0 | P101: 0 | Q101: 3 | R101: 0 | S101: 0
E102: Millitary | G102: 226 | H102: 200 | I102: 0 | J102: 0 | K102: 0 | L102: 16 | M102: 0 | N102: 10 | O102: 0 | P102: 0 | Q102: 0 | R102: 0 | S102: 0
E103: Bus | G103: 0 | H103: 0 | I103: 0 | J103: 0 | K103: 0 | L103: 0 | M103: 0 | N103: 0 | O103: 0 | P103: 0 | Q103: 0 | R103: 0 | S103: 0
E104: Tasman (CKD) | G104: 0 | H104: 0 | I104: 0 | J104: 0 | K104: 0 | L104: 0 | M104: 0 | N104: 0 | O104: 0 | P104: 0 | Q104: 0 | R104: 0 | S104: 0
E105: Bongo (CKD) | G105: 150 | H105: 0 | I105: 0 | J105: 0 | K105: 0 | L105: 0 | M105: 0 | N105: 0 | O105: 30 | P105: 0 | Q105: 120 | R105: 0 | S105: 0
E106: Millitary (CKD) | G106: 14 | H106: 0 | I106: 0 | J106: 0 | K106: 0 | L106: 0 | M106: 14 | N106: 0 | O106: 0 | P106: 0 | Q106: 0 | R106: 0 | S106: 0
E107: Bus (CKD) | G107: 0 | H107: 0 | I107: 0 | J107: 0 | K107: 0 | L107: 0 | M107: 0 | N107: 0 | O107: 0 | P107: 0 | Q107: 0 | R107: 0 | S107: 0
B108: Special Vehicle | G108: 416 | H108: 200 | I108: 0 | J108: 0 | K108: 0 | L108: 16 | M108: 15 | N108: 10 | O108: 30 | P108: 22 | Q108: 123 | R108: 0 | S108: 0
B110: Total | G110: 264900 | H110: 49201 | I110: 65507 | J110: 7806 | K110: 9301 | L110: 49698 | M110: 6781 | N110: 12940 | O110: 15222 | P110: 4466 | Q110: 13543 | R110: 23205 | S110: 7230
E111: BEV Total | G111: 26525 | H111: 7055 | I111: 6217 | J111: 930 | K111: 4 | L111: 9439 | M111: 831 | N111: 161 | O111: 256 | P111: 27 | Q111: 774 | R111: 624 | S111: 207
B112: * Russia Plant : Hyundai Motor Manufacturing Russia

Sheet Oct
Q1: Ouc. 2025, Kia IR
B2: ]
B3: Retail Sales by Country_2025 | S3: (Units, %)
B4: Model / Plant | G4: Total | H4: Korea | I4: U.S.A | J4: Canada | K4: Mexico | L4: *Europe | M4: Eastern Europe | N4: Latin America | O4: Middle East | P4: Africa | Q4: Asia Pacific | R4: India | S4: China
E6: Morning / Picanto | G6: 11783 | H6: 2062 | I6: 0 | J6: 0 | K6: 0 | L6: 4686 | M6: 132 | N6: 2023 | O6: 981 | P6: 1194 | Q6: 705 | R6: 0 | S6: 0
E7: Pride / Rio | G7: 0 | H7: 0 | I7: 0 | J7: 0 | K7: 0 | L7: 0 | M7: 0 | N7: 0 | O7: 0 | P7: 0 | Q7: 0 | R7: 0 | S7: 0
E8: Ray | G8: 2591 | H8: 2591 | I8: 0 | J8: 0 | K8: 0 | L8: 0 | M8: 0 | N8: 0 | Q8: 0 | R8: 0 | S8: 0
E9: Ray EV | G9: 791 | H9: 791 | I9: 0 | J9: 0 | K9: 0 | L9: 0 | M9: 0 | N9: 0 | Q9: 0 | R9: 0 | S9: 0
E10: K3 | G10: 20 | H10: 0 | I10: 0 | J10: 0 | K10: 0 | L10: 0 | M10: 20 | N10: 0 | O10: 0 | P10: 0 | Q10: 0 | R10: 0 | S10: 0
E11: K5 | G11: 11431 | H11: 3045 | I11: 7631 | J11: 0 | K11: 0 | L11: 0 | M11: 8 | N11: 6 | O11: 740 | P11: 0 | Q11: 1 | R11: 0 | S11: 0
E12: Stinger | G12: 0 | H12: 0 | I12: 0 | J12: 0 | K12: 0 | L12: 0 | M12: 0 | N12: 0 | O12: 0 | P12: 0 | Q12: 0 | R12: 0 | S12: 0
E13: K8 | G13: 2284 | H13: 2129 | I13: 0 | J13: 0 | K13: 0 | L13: 0 | M13: 12 | N13: 0 | O13: 140 | P13: 3 | Q13: 0 | R13: 0 | S13: 0
E14: K9 | G14: 53 | H14: 47 | I14: 0 | J14: 0 | K14: 0 | L14: 0 | M14: 6 | N14: 0 | O14: 0 | P14: 0 | Q14: 0 | R14: 0 | S14: 0
E15: Stonic | G15: 6275 | H15: 0 | I15: 0 | J15: 0 | K15: 0 | L15: 4296 | M15: 607 | N15: 217 | O15: 225 | P15: 318 | Q15: 612 | R15: 0 | S15: 0
E16: Seltos | G16: 13578 | H16: 3365 | I16: 5622 | J16: 2493 | K16: 0 | L16: 0 | M16: 210 | N16: 405 | O16: 350 | P16: 0 | Q16: 1133 | R16: 0 | S16: 0
E17: Soul | G17: 4145 | H17: 0 | I17: 3991 | J17: 2 | K17: 0 | L17: 0 | M17: 50 | N17: 101 | O17: 0 | P17: 0 | Q17: 1 | R17: 0 | S17: 0
E18: Soul EV | G18: 0 | H18: 0 | I18: 0 | J18: 0 | K18: 0 | L18: 0 | M18: 0 | N18: 0 | O18: 0 | P18: 0 | Q18: 0 | R18: 0 | S18: 0
E19: Niro | G19: 8579 | H19: 1122 | I19: 2541 | J19: 625 | K19: 91 | L19: 3430 | M19: 5 | N19: 333 | O19: 320 | P19: 47 | Q19: 65 | R19: 0 | S19: 0
E20: Niro EV | G20: 715 | H20: 6 | I20: 157 | J20: 332 | K20: 0 | L20: 205 | M20: 0 | N20: 3 | O20: 0 | P20: 1 | Q20: 11 | R20: 0 | S20: 0
E21: Niro Plus | G21: 0 | H21: 0 | I21: 0 | J21: 0 | K21: 0 | L21: 0 | M21: 0 | N21: 0 | O21: 0 | P21: 0 | Q21: 0 | R21: 0 | S21: 0
... E36: PV5 | G36: 1820 | H36: 1814 | I36: 0 | J36: 0 | K36: 0 | L36: 4 | M36: 0 | N36: 0 | O36: 2 | P36: 0 | Q36: 0 | R36: 0 | S36: 0
B37: Korea Plants | G37: 127828 | H37: 40001 | I37: 34757 | J37: 6667 | K37: 674 | L37: 21070 | M37: 2622 | N37: 5290 | O37: 6599 | P37: 1994 | Q37: 8103 | R37: 51 | S37: 0
E38: Optima / K5 | G38: 0 | H38: 0 | I38: 0 | J38: 0 | K38: 0 | L38: 0 | M38: 0 | N38: 0 | O38: 0 | P38: 0 | Q38: 0 | R38: 0 | S38: 0
E39: Sportage | G39: 9263 | H39: 0 | I39: 9158 | J39: 0 | K39: 0 | L39: 0 | M39: 0 | N39: 105 | Q39: 0 | R39: 0 | S39: 0
E40: Sorento | G40: 5644 | H40: 0 | I40: 5405 | J40: 108 | K40: 77 | L40: 0 | M40: 0 | N40: 53 | O40: 0 | P40: 0 | Q40: 1 | R40: 0 | S40: 0
E41: Telluride | G41: 8752 | H41: 0 | I41: 8571 | J41: 37 | K41: 23 | L41: 0 | M41: 0 | N41: 48 | O41: 64 | P41: 0 | Q41: 9 | R41: 0 | S41: 0
E42: EV6 | G42: 569 | H42: 0 | I42: 494 | J42: 75 | K42: 0 | L42: 0 | M42: 0 | N42: 0 | O42: 0 | P42: 0 | Q42: 0 | R42: 0 | S42: 0
E43: EV9 | G43: 663 | H43: 0 | I43: 662 | J43: 0 | K43: 0 | L43: 0 | M43: 0 | N43: 1 | O43: 0 | P43: 0 | Q43: 0 | R43: 0 | S43: 0
B44: U.S. Plant | G44: 24891 | H44: 0 | I44: 24290 | J44: 220 | K44: 100 | L44: 0 | M44: 0 | N44: 207 | O44: 64 | P44: 0 | Q44: 10 | R44: 0 | S44: 0
E45: EV2 | G45: 0 | H45: 0 | I45: 0 | J45: 0 | K45: 0 | L45: 0 | M45: 0 | N45: 0 | O45: 0 | P45: 0 | Q45: 0 | R45: 0 | S45: 0
E46: EV4 | G46: 1116 | H46: 0 | I46: 0 | J46: 0 | K46: 0 | L46: 1116 | M46: 0 | N46: 0 | O46: 0 | P46: 0 | Q46: 0 | R46: 0 | S46: 0
E47: Cee'd | G47: 4907 | H47: 0 | I47: 0 | J47: 0 | K47: 0 | L47: 4598 | M47: 260 | N47: 0 | O47: 0 | P47: 26 | Q47: 23 | R47: 0 | S47: 0
E48: Cee'd CUV | G48: 1964 | H48: 0 | I48: 0 | J48: 0 | K48: 0 | L48: 1673 | M48: 235 | N48: 15 | O48: 0 | P48: 41 | Q48: 0 | R48: 0 | S48: 0
E49: Sportage | G49: 14058 | H49: 0 | I49: 0 | J49: 0 | K49: 0 | L49: 11960 | M49: 582 | N49: 225 | O49: 544 | P49: 747 | Q49: 0 | R49: 0 | S49: 0
B50: Slovakia Plant | G50: 22045 | H50: 0 | I50: 0 | J50: 0 | K50: 0 | L50: 19347 | M50: 1077 | N50: 240 | O50: 544 | P50: 814 | Q50: 23 | R50: 0 | S50: 0
E51: Rio (Pride) | G51: 0 | H51: 0 | I51: 0 | J51: 0 | K51: 0 | L51: 0 | M51: 0 | N51: 0 | O51: 0 | P51: 0 | Q51: 0 | R51: 0 | S51: 0
E52: K3 | G52: 6824 | H52: 0 | I52: 0 | J52: 1 | K52: 4782 | L52: 0 | M52: 0 | N52: 1532 | O52: 508 | P52: 1 | Q52: 0 | R52: 0 | S52: 0
E53: K4 | G53: 13287 | H53: 0 | I53: 9955 | J53: 815 | K53: 1285 | L53: 3 | M53: 4 | N53: 33 | O53: 696 | P53: 40 | Q53: 456 | R53: 0 | S53: 0
B54: Mexico Plant | G54: 20111 | H54: 0 | I54: 9955 | J54: 816 | K54: 6067 | L54: 3 | M54: 4 | N54: 1565 | O54: 1204 | P54: 41 | Q54: 456 | R54: 0 | S54: 0
E55: Rio (Pride) | G55: 0 | H55: 0 | I55: 0 | J55: 0 | K55: 0 | L55: 0 | M55: 0 | N55: 0 | O55: 0 | P55: 0 | Q55: 0 | R55: 0 | S55: 0
B56: *Russia Plant (HMMR) | G56: 0 | H56: 0 | I56: 0 | J56: 0 | K56: 0 | L56: 0 | M56: 0 | N56: 0 | O56: 0 | P56: 0 | Q56: 0 | R56: 0 | S56: 0
E57: Pegas | G57: 5621 | H57: 0 | I57: 0 | J57: 0 | K57: 0 | L57: 0 | M57: 10 | N57: 2531 | O57: 2604 | P57: 352 | Q57: 121 | R57: 0 | S57: 3
E58: Forte | G58: 1309 | H58: 0 | I58: 0 | J58: 0 | K58: 0 | L58: 0 | M58: 0 | N58: 0 | O58: 0 | P58: 0 | Q58: 0 | R58: 0 | S58: 1309
E59: K3 | G59: 359 | H59: 0 | I59: 0 | J59: 0 | K59: 0 | L59: 0 | M59: 0 | N59: 0 | O59: 0 | P59: 0 | Q59: 0 | R59: 0 | S59: 359
E60: K5 | G60: 396 | H60: 0 | I60: 0 | J60: 0 | K60: 0 | L60: 0 | M60: 302 | N60: 0 | O60: 0 | P60: 0 | Q60: 0 | R60: 0 | S60: 94
E61: KX1 | G61: 1359 | H61: 0 | I61: 0 | J61: 0 | K61: 0 | L61: 0 | M61: 0 | N61: 0 | O61: 0 | P61: 0 | Q61: 0 | R61: 0 | S61: 1359
E62: Sonet | G62: 3488 | H62: 0 | I62: 0 | J62: 0 | K62: 1163 | L62: 0 | M62: 3 | N62: 1235 | O62: 361 | P62: 167 | Q62: 555 | R62: 0 | S62: 4
E63: KX3 / Seltos | G63: 5753 | H63: 0 | I63: 0 | J63: 0 | K63: 1427 | L63: 0 | M63: 0 | N63: 1050 | O63: 1197 | P63: 81 | Q63: 49 | R63: 0 | S63: 1949
E64: Zhipao | G64: 113 | H64: 0 | I64: 0 | J64: 0 | K64: 0 | L64: 0 | M64: 0 | N64: 0 | Q64: 0 | R64: 0 | S64: 113
E65: Sportage | G65: 2512 | H65: 0 | I65: 0 | J65: 0 | K65: 0 | L65: 0 | M65: 0 | N65: 0 | O65: 1069 | P65: 0 | Q65: 0 | R65: 0 | S65: 1443
E66: Carnival | G66: 166 | H66: 0 | I66: 0 | J66: 0 | K66: 0 | L66: 0 | M66: 0 | N66: 0 | O66: 0 | P66: 0 | Q66: 0 | R66: 0 | S66: 166
E67: EV5 | G67: 740 | H67: 0 | I67: 0 | J67: 0 | K67: 0 | L67: 0 | M67: 0 | N67: 95 | O67: 9 | P67: 2 | Q67: 427 | R67: 0 | S67: 207
B68: China Plants | G68: 21816 | H68: 0 | I68: 0 | J68: 0 | K68: 2590 | L68: 0 | M68: 315 | N68: 4911 | O68: 5240 | P68: 602 | Q68: 1152 | R68: 0 | S68: 7006
E69: Syros | G69: 1639 | H69: 0 | I69: 0 | J69: 0 | K69: 0 | L69: 0 | M69: 0 | N69: 0 | O69: 0 | P69: 0 | Q69: 0 | R69: 1639 | S69: 0
E70: Sonet | G70: 15204 | H70: 0 | I70: 0 | J70: 0 | K70: 0 | L70: 0 | M70: 0 | N70: 65 | O70: 0 | P70: 1068 | Q70: 197 | R70: 13874 | S70: 0
E71: Seltos | G71: 7995 | H71: 0 | I71: 0 | J71: 0 | K71: 0 | L71: 0 | M71: 0 | N71: 151 | O71: 0 | P71: 228 | Q71: 86 | R71: 7530 | S71: 0
E72: Carens MPV | G72: 7975 | H72: 0 | I72: 0 | J72: 0 | K72: 0 | L72: 0 | M72: 68 | N72: 191 | O72: 178 | P72: 34 | Q72: 66 | R72: 7438 | S72: 0
E73: Carens MPV EV | G73: 688 | H73: 0 | I73: 0 | J73: 0 | K73: 0 | L73: 0 | M73: 0 | N73: 0 | O73: 0 | P73: 0 | Q73: 0 | R73: 688 | S73: 0
E74: Carnival (CKD) | G74: 115 | H74: 0 | I74: 0 | J74: 0 | K74: 0 | L74: 0 | M74: 0 | N74: 0 | O74: 0 | P74: 0 | Q74: 0 | R74: 115 | S74: 0
B75: India Plant | G75: 33616 | H75: 0 | I75: 0 | J75: 0 | K75: 0 | L75: 0 | M75: 68 | N75: 407 | O75: 178 | P75: 1330 | Q75: 349 | R75: 31284 | S75: 0
